название,адрес,Долгота,Широта,type
"﻿Автономное учреждение Чувашской Республики «Государственный ордена “Знак Почета” русский драматический театр» Министерства культуры, по делам национальностей и архивного дела Чувашской Республики","Чувашская Республика, г.Чебоксары, ул.Гагарина, 14",47.255346,56.123287,театры
"Автономное учреждение Чувашской Республики «Государственный ордена Дружбы народов театр юного зрителя им. М.Сеспеля» Министерства культуры, по делам национальностей и архивного дела Чувашской Республики","Чувашская Республика, г.Чебоксары, Эгерский бульвар, 36",47.288062,56.093093999999994,театры
"Автономное учреждение Чувашской Республики «Чувашский государственный Ордена Трудового Красного Знамени академический драматический театр им. К.В.Иванова» Министерства культуры, по делам национальностей и архивного дела Чувашской Республики","Чувашская Республика, г.Чебоксары, ул.Красная площадь, 7",47.250665000000005,56.145154000000005,театры
"Автономное учреждение Чувашской Республики «Чувашский государственный театр кукол» Министерства культуры, по делам национальностей и архивного дела Чувашской Республики","Чувашская Республика, г.Чебоксары, Президентский бульвар, 15",47.2455,56.140866,театры
"Автономное учреждение Чувашской Республики «Чувашский государственный театр оперы и балета»  Министерства культуры, по делам национальностей и архивного дела Чувашской Республики","Чувашская Республика, г.Чебоксары, Московский пр., 1",47.236993,56.144597,театры
"Автономное учреждение Чувашской Республики «Чувашский государственный экспериментальный театр драмы» Министерства культуры, по делам национальностей и архивного дела Чувашской Республики","Чувашская Республика, г.Новочебоксарск, ул.Советская, 3",47.489563000000004,56.110820999999994,театры
"Административное здание, 1930-е годы","г. Чебоксары, ул. Композиторов Воробьевых, д. 16",47.249749,56.143885,объекты_культурного_наследия
"Административное здание, 1930-е годы","г. Чебоксары, ул. Сеспеля, д. 12 , ул. Бондарева, д. 9",47.24948,56.15118100000001,объекты_культурного_наследия
"Административное здание, начало XX в.","г. Мариинский Посад, ул. Набережная, д. 28",47.727087,56.120442000000004,объекты_культурного_наследия
"Алексеевская церковь (каменная), II пол. XIX в.","г. Ядрин, ул. 50 лет Октября, старое кладбище",46.202870000000004,55.94025500000001,объекты_культурного_наследия
"Амбар, начало XX в.  (на территории Ибресинского этнографического музейного комплекса)","п. Ибреси, ул. Комсомольская, д. 31",47.041852,55.302715,объекты_культурного_наследия
"Ансамбль Казанской церкви, 1761 г., Казанско-Богородицкая церковь,часовня, сторожка,","г. Мариинский Посад,ул. Нахимова, д. 2",47.717394,56.118013,объекты_культурного_наследия
"Ансамбль Киево-НикольскогоМонастыря, XVIII в., Никольская церковь(теплая), Никольская церковь (холодная), надвратная церковь с трапезной","г. Алатырь, ул. Кирова, 25а",46.601022,54.849607999999996,объекты_культурного_наследия
"Ансамбль монастыря Александра Невского, начало XX в., церковь Александра Невского, 1903 г., настоятельский корпус,  начало XX в.","Моргаушский р-н, с. Каршлыхи",46.756781,55.999823,объекты_культурного_наследия
"Богадельня, начало XX в.","г. Ядрин, ул. Горького, д.3а",46.208125,55.93268199999999,объекты_культурного_наследия
"Богословская церковь, XIX в.","Порецкий р-н, с. Выползово, ул. Аврора, д.66а",46.242612,55.130127,объекты_культурного_наследия
"Богоявленская церковь, XIX в.","Порецкий р-н, с. Гарт, ул. Гагарина, д.46а",46.672806,55.129952,объекты_культурного_наследия
"Братская  могила воинов, умерших от ран в госпитале во время Великой Отечественной войны 1941-1945 гг.","г. Шумерля, городское кладбище по ул. Щербакова",46.419921,55.49214,объекты_культурного_наследия
"Братская могила 11 борцов за революцию и укрепление Советской власти в Чувашии, погибших в 1921 г. во время кулацко-эсеровского мятежа","г. Канаш, ул. Свободы",47.477885,55.514942000000005,объекты_культурного_наследия
"Братская могила 17-ти красноармейцев, погибших в 1918 году при защите станции Тюрлема от белогвардейцев. На могиле установлен обелиск","Козловский р-н, ст. Тюрлема",48.221807,55.762130000000006,объекты_культурного_наследия
"Братская могила 39 крестьян, погибших в 1842 году в столкновении с царскими войсками. На могиле установлен обелиск.","Моргаушский р-н, с. Акрамово",46.88877,55.951395999999995,объекты_культурного_наследия
"Братская могила 6 коммунистов, погибших в 1921 г. во время кулацкого мятежа. На могиле установлен обелиск","г. Мариинский Посад, Первомайский сад",47.714214,56.111936,объекты_культурного_наследия
"Братская могила 8 красноармейцев, погибших в 1918 году в  бою с белогвардейцами. На могиле установлен обелиск","Батыревский р-н, д. Норваш-Шигали",47.458688,55.03208299999999,объекты_культурного_наследия
"Братская могила борцов за революцию, где похоронены жертвы кулацко-эсеровского мятежа и видные партийные и советские работники, 1919-29 годов.","г. Алатырь, пл. Революции",46.600456,54.856735,объекты_культурного_наследия
"Братская могила воинов, умерших от ран в госпитале в годы Великой Отечественной войны. На могиле установлен обелиск","г. Ядрин, городское кладбище",46.202107,55.940689,объекты_культурного_наследия
"Братская могила воинов, умерших от ран в госпиталях в годы Великой Отечественной войны","Вурнарский, р-н, п. Вурнары, кладбище",46.958156,55.490345,объекты_культурного_наследия
"Братская могила воинов, умерших от ран в госпиталях в годы Великой Отечественной войны в 1941-1945 гг.","г. Козловка, ул. Беловолжская",48.2239,55.83532099999999,объекты_культурного_наследия
"Братская могила воинов, умерших от ран в госпиталях в годы Великой Отечественной войны в 1941-1945 гг. На могиле установлен памятник","г. Чебоксары, ул. Б. Хмельницкого старое кладбище",47.002891999999996,55.821017000000005,объекты_культурного_наследия
"Братская могила воинов, умерших от ран в эвакогоспитале в годы Великой Отечественной войны. На могиле установлен памятник","г. Цивильск, кладбище",47.47298,55.86501,объекты_культурного_наследия
"Братская могила комиссара П.Е. Крепкова и его товарищей, погибших в бою с белогвардейцами в 1918 году. На могиле установлен памятник","Батыревский р-н, д. Малое Батырево",47.596813,55.076747,объекты_культурного_наследия
"Братская могила коммунистов А.О. Орлова, И.А. Артемьева и М.Т. Виноградова, убитых кулаками в 1921 г. На могиле установлен обелиск","Мариинско-Посадский р-н, с. Бичурино",47.789376000000004,55.864035,объекты_культурного_наследия
"Братская могила коммунистов и советских активистов, погибших в 1921 году. На могиле установлен обелиск.","г. Цивильск, городской парк",47.475127,55.865773,объекты_культурного_наследия
"Братская могила коммунистов И.В. Сурнаева и В.Г. Гаврилова, погибших в 1921 году во время кулацкого мятежа. На могиле установлен обелиск.","Мариинско-Посадский р-н, с. Покровское",47.934086,55.9378,объекты_культурного_наследия
"Братская могила коммунистов, отдавших свою жизнь за укрепление Советской власти в Чувашии в 1921-1924 гг. На могиле установлен памятник",Чувашская Республика,47.086875,55.492022999999996,объекты_культурного_наследия
"Братская могила летчиков, погибших во время авиакатастрофы в 1943 году","г. Шумерля, городское кладбище по ул. Щербакова",46.419921,55.49214,объекты_культурного_наследия
"Бывшее здание кинотеатра «Родина», 1933 г.","г. Чебоксары, ул. Константина Иванова, д. 9/25",47.251626,56.151773,объекты_культурного_наследия
"Бывший купеческий двухэтажный каменный дом, середина XIX в.","Порецкий р-он, с. Порецкое, ул. Кооперативная, д. 12",46.325931,55.197677,объекты_культурного_наследия
"Бывший купеческий двухэтажный каменный дом, середина XIX в.","Порецкий р-он, с. Порецкое, ул. Кооперативная, д. 14",46.325931,55.197677,объекты_культурного_наследия
"Бюст дважды Героя Советского Союза летчика-космонавта СССР Андриана Григорьевича Николаева (скульптор Постников Г.Н., архитектор Заварзин А.А., бронза, гранит), 1977 г.","Мариинско-Посадский р-н, с. Шоршелы",47.592465000000004,56.00660799999999,объекты_культурного_наследия
"Бюст Н.К. Крупской(1957 г. гранит, бетон)","г. Чебоксары, проспект М. Горького",47.187289,56.148799,объекты_культурного_наследия
"Введенская церковь, XIX в.","Мариинско-Посадский р-н, с. Первое Чурашево, ул. Школьная, д. 16",47.685549,55.942806000000004,объекты_культурного_наследия
"Ветряная мельница, 1911 г.","Мариинско-Посадский р-н, д. Новое Байгулово",47.978291999999996,55.877455000000005,объекты_культурного_наследия
"Ветряная мельница, где прошел последний бой Героя гражданской войны Крепкова П.Е., конец XIX-начало XX в.","Батыревский р-он, д. Малое Батырево",47.596813,55.076747,объекты_культурного_наследия
"Владимирская церковь, 1809 г.","Чебоксарский  р-н, с. Анат-Киняры, ул. Пионерская, д.1а",46.940917,56.041411,объекты_культурного_наследия
"Водонапорная башня«Канаш восточный», 1925 г.","г. Канаш,  ж. д. Станция Канаш-восточный",47.508545,55.52225,объекты_культурного_наследия
"Воеводские луга, XVI-XVIII вв.","Алатырский р-н,  г. Алатыря",46.740862,54.888847999999996,объекты_культурного_наследия
"Вознесенская церковь (каменная), 1846 г.","г. Алатырь, ул. Ленина, д. 130",46.596126,54.841418000000004,объекты_культурного_наследия
"Вознесенская церковь, XIX в.","Алатырский р-н, c. Старые Айбеси, ул.Школьная, д. 7",47.050296,54.951886,объекты_культурного_наследия
"Вознесенская церковь, XIX в.","Ядринский р-н, с. Балдаево,  ул. Школьная, д.22а",46.296735,55.878859,объекты_культурного_наследия
"Воскресенская церковь, 1801","г. Красночетайский р-н, с. Красные Четаи, ул. Ленина, д. 16",46.150085,55.690282999999994,объекты_культурного_наследия
"г. Алатырь, пл. Октябрьской Революции, д. 8","г. Алатырь, пл. Октябрьской Революции, д. 8",46.601462,54.855786,объекты_культурного_наследия
"Гурьевская церковь, 1826 г.","Цивильский р-н, с. Богатырево, ул. Гагарина, д. 24",47.292194,55.855254,объекты_культурного_наследия
"Гурьевская церковь, 1901 г.","Цивильский, р-н, с.Первостепаново, ул. Николаева, д. 31",47.533545000000004,55.750717,объекты_культурного_наследия
Двухэтажное здание бывшей гостиницы,"г. Алатырь, ул. Комсомола, д. 69, ул. Гоголя, д. 28",46.585454,54.849531000000006,объекты_культурного_наследия
"Двухэтажный дом (первый этаж - каменный, второй деревянный), II пол. XIX в.","г. Мариинский Посад,ул. Набережная, д. 16",47.722802,56.120647999999996,объекты_культурного_наследия
"Двухэтажный дом (первый этаж каменный, второй - деревянный), конец XIX - начало XX в.","Порецкий р-н, с. Порецкое, ул. Колхозная, д.11",46.327718,55.19908,объекты_культурного_наследия
"Двухэтажный дом (первый этаж- каменный, второй - деревянный), конец XIX - начало XX в.","Порецкий р-н,  с. Порецкое, ул. Кооперативная, д.4",46.325931,55.197677,объекты_культурного_наследия
"Двухэтажный жилой дом (первый этаж - каменный, второй - деревянный), конец XIX -  начало XX в.","г. Алатырь, ул. Московская, д. 4",46.598496999999995,54.854729000000006,объекты_культурного_наследия
"Двухэтажный жилой дом (первый этаж - каменный, второй - деревянный), конец XIX - начало XX в.","г. Алатырь, ул. Московская, д. 3",46.598542,54.854284,объекты_культурного_наследия
"Двухэтажный жилой дом (первый этаж - каменный, второй - деревянный), конец XIX - начало XX в.","г. Алатырь, ул. Московская, д. 9",46.597617,54.85377,объекты_культурного_наследия
"Двухэтажный жилой дом (первый этаж - каменный, второй - деревянный), конец XIX - начало XX в.","г. Алатырь, ул. Московская, д. 24, ул. Горшенина, д. 3",46.598542,54.854284,объекты_культурного_наследия
"Двухэтажный жилой дом (первый этаж - каменный, второй - деревянный), конец XIX - начало XX в.","г. Алатырь, ул. Первомайская, д. 38",46.587915,54.849343999999995,объекты_культурного_наследия
"Двухэтажный жилой дом (первый этаж - каменный, второй -деревянный), II пол. XIX в.","г. Мариинский Посад, ул. Ленинская, д. 14",47.724832,56.118937,объекты_культурного_наследия
"Двухэтажный жилой дом (первый этаж- каменный, второй- деревянный), II пол. XIX в.","г. Мариинский Посад, ул. Нахимова, д.13",47.718265,56.119288,объекты_культурного_наследия
"Деревянное двухэтажное здание бывшего реального училища, конец XIX в.","г. Алатырь, ул. Ленина, д. 30",46.598318,54.852273,объекты_культурного_наследия
"Деревянный двухэтажный дом, II пол. XIX в.","г. Алатырь, ул. Ленина, д. 25",46.598713000000004,54.851521,объекты_культурного_наследия
"Деревянный двухэтажный жилой дом, II пол. XIX в.","г. Мариинский Посад, ул. Волжская, д. 10",47.727734000000005,56.119474,объекты_культурного_наследия
"Деревянный двухэтажный жилой дом, II пол. XIX в.","г. Мариинский Посад, ул. Горького, д. 10",47.723134,56.118074,объекты_культурного_наследия
"Деревянный двухэтажный жилой дом, II пол. XIX в.","г. Цивильск, ул. Ленина, д. 35",47.475675,55.869415000000004,объекты_культурного_наследия
"Деревянный одноэтажный Дом купца Курбатова, 1897 г.","г. Цивильск, ул. Гагарина, д. 36/66",47.478613,55.867177000000005,объекты_культурного_наследия
"Деревянный одноэтажный дом, в котором жил академик А.Н. Крылов, Герой Социалистического Труда, кораблестроитель, начало XX в.","г. Алатырь, ул. Жуковского, д. 63",46.589721000000004,54.846628,объекты_культурного_наследия
"Деревянный одноэтажный дом, в котором жил композитор А.Н. Тогаев, начало XX в.","г. Мариинский Посад, ул. Советская, д. 8",47.714591,56.112889,объекты_культурного_наследия
"Деревянный одноэтажный дом, в котором жил основоположник чувашской книжной графики Ф.С. Быков, начало XX в.","г. Алатырь, ул. Кирова, д. 19",46.601417,54.851702,объекты_культурного_наследия
"Деревянный одноэтажный дом, конец XIX в.","г. Алатырь, ул. Ленина, д. 66",46.597518,54.848053,объекты_культурного_наследия
"Деревянный одноэтажный жилой дом, II пол. XIX в.","г. Мариинский Посад, ул. Набережная, д. 10",47.721571000000004,56.120678000000005,объекты_культурного_наследия
"Деревянный одноэтажный жилой дом, XIX в.","г. Цивильск, ул. Советская, д. 3",47.474202000000005,55.875809,объекты_культурного_наследия
"Дом  причта при церкви Владимирской Божьей матери (первый и второй этажи каменные, третий - деревянный), 1816 г.","г. Чебоксары, ул.Коммунальная Слобода, 32",47.230345,56.135056999999996,объекты_культурного_наследия
"Дом А.А. Буйновского, 1887 г.","Яльчикский р-н, с. Яльчики, ул. Восточная, д. 1",48.011934000000004,55.15748000000001,объекты_культурного_наследия
"Дом барона Жомени, конец XIX в.","г. Козловка, ул. Тухланова, д. 35",48.256437,55.844789,объекты_культурного_наследия
"Дом Железнов, конец XIX - начало XX вв.","г. Ядрин, ул. К. Маркса, д.31",46.206446,55.93689200000001,объекты_культурного_наследия
"Дом жилой,  XIX в.","Порецкий р-н, с. Порецкое, ул. Кооперативная, д.7",46.324996,55.197708,объекты_культурного_наследия
"Дом жилой, 1859 г.","г. Алатырь, ул. Горшенина, д. 30",46.596395,54.852205000000005,объекты_культурного_наследия
"Дом жилой, 1891 г.","г. Алатырь, ул. Горького, д. 7",46.578716,54.849095,объекты_культурного_наследия
"Дом жилой, 1910 г.","г. Алатырь, ул. Горького, д. 16",46.577791,54.847021999999996,объекты_культурного_наследия
"Дом жилой, 1930 г.","г. Чебоксары, ул. Композиторов Воробьевых, д. 7/19",47.252731,56.143102,объекты_культурного_наследия
"Дом жилой, 1930-е годы","г. Чебоксары, ул. Композиторов Воробьевых, д. 9, К. Маркса, д. 22",47.251079,56.143494,объекты_культурного_наследия
"Дом жилой, 1930-е годы","г. Чебоксары, ул. Ленинградская, д. 28",47.247351,56.141688,объекты_культурного_наследия
"Дом жилой, 1930-е годы","г. Чебоксары, ул. К. Маркса, д. 24",47.250315,56.142676,объекты_культурного_наследия
"Дом жилой, 1930-е годы","г. Чебоксары, ул. К. Иванова, д. 2, ул. Бондарева, д. 15",47.249408,56.15256,объекты_культурного_наследия
"Дом жилой, 1930-е годы (на территории Ибресинского этнографического музейного комплекса)","п. Ибреси, ул. Комсомольская, д. 31",47.041852,55.302715,объекты_культурного_наследия
"Дом жилой, 1930-е годы (на территории Ибресинского этнографического музейного комплекса)","п. Ибреси, ул. Комсомольская, д. 31",47.041852,55.302715,объекты_культурного_наследия
"Дом жилой, 1950-е годы","г. Чебоксары, пр. Ленина, д. 1",47.24638,56.13216800000001,объекты_культурного_наследия
"Дом жилой, 1950-е годы","г. Чебоксары, пр. Ленина, д. 3",47.247171,56.131124,объекты_культурного_наследия
"Дом жилой, 1950-е годы","г. Чебоксары, ул. К. Маркса, д. 51",47.246883000000004,56.133331999999996,объекты_культурного_наследия
"Дом жилой, XIX в.","Порецкий р-н, с. Порецкое, ул. Комсомольская, д. 42",46.337564,55.195986,объекты_культурного_наследия
"Дом жилой, XIX в.","Порецкий р-н, с. Порецкое, ул. Кооперативная, д.11",46.32443,55.197784999999996,объекты_культурного_наследия
"Дом жилой, XIX в.","Порецкий р-н, с. Порецкое, ул. Кооперативная, д.42",46.32461,55.199352000000005,объекты_культурного_наследия
"Дом жилой, XIX в.","Порецкий р-н, с. Порецкое, ул. Кооперативная, д.46",46.324385,55.19961899999999,объекты_культурного_наследия
"Дом жилой, XIX в.","Порецкий р-н, с. Порецкое, ул. Колхозная, д.1",46.329623,55.198818,объекты_культурного_наследия
"Дом жилой, XIX в.","Порецкий р-н, с. Порецкое, ул. Колхозная, д.3",46.328626,55.199049,объекты_культурного_наследия
"Дом жилой, XIX в.","Порецкий р-н, с. Порецкое, ул. Коминтерна, д.20",46.332884,55.202656000000005,объекты_культурного_наследия
"Дом жилой, XIX в.","Порецкий р-н, с. Порецкое, ул. Ульянова, д.4",46.332884,55.199249,объекты_культурного_наследия
"Дом жилой, XIX в.","Порецкий р-н, с. Порецкое, ул. Ульянова, д.48",46.327197,55.1976,объекты_культурного_наследия
"Дом жилой, конец XIX - начало XX в.","г. Алатырь, ул. Комсомола, д. 82, ул. Лермонтова, д. 17",46.597653,54.849163,объекты_культурного_наследия
"Дом жилой, конец XIX - начало XX в.","г. Алатырь, ул. Троицкая, д. 2, Октябрьской Революции, д. 25",46.598496999999995,54.855672,объекты_культурного_наследия
"Дом жилой, конец XIX в.","Алатырский р-н, с. Ялушево, ул. Школьная",46.539775,54.867518000000004,объекты_культурного_наследия
"Дом жилой, конец XVIII - начало XIX вв.","г. Чебоксары, пл. Красная, д. 1",47.254088,56.145229,объекты_культурного_наследия
"Дом жилой, начало XX в.","Алатырский р-н, с. Междуречье, ул. 50 лет Чувашской АССР, ул. Седорина, д. 1",46.520074,54.973046999999994,объекты_культурного_наследия
"Дом жилой, начало XX в.","г. Мариинский Посад, ул. Малинина, д. 14",47.719361,56.117231000000004,объекты_культурного_наследия
"Дом жилой, начало XX в.","г. Мариинский Посад, ул. Набережная, д. 30",47.727266,56.120437,объекты_культурного_наследия
"Дом жилой, начало XX в.","г. Мариинский Посад, ул. Уткина, д. 15",47.718849,56.11702,объекты_культурного_наследия
"Дом жилой, начало XX в.","г. Алатырь, ул. Горшенина, д. 13",46.597716,54.851245999999996,объекты_культурного_наследия
"Дом купца Волчкова,конец XIX в.","г. Козловка, ул. Ленина, д. 23",48.258979,55.848225,объекты_культурного_наследия
"Дом Мордвиновых с лавкой, конец XIX - начало XX вв.","г. Ядрин, ул. Ленина, д.51",46.207479,55.940901000000004,объекты_культурного_наследия
"Дом Мордвиновых, 1880 г.","г. Ядрин, ул. К. Маркса, д.71",46.204838,55.941706999999994,объекты_культурного_наследия
"Дом при Казанской церкви, XVIII вв.","г. Алатырь, пл. Октябрьской революции, д. 22",46.600761,54.854693000000005,объекты_культурного_наследия
"Дом при Никольской церкви, XIX в.","г. Алатырь, пл. Октябрьской революции, д. 26",46.599153,54.856761,объекты_культурного_наследия
"Дом с лабазами, XIX в.","г. Мариинский Посад, ул. Ленинская, д. 19",47.725182000000004,56.11754200000001,объекты_культурного_наследия
"Дом Стемпковского, вторая половина XIX в.","г. Ядрин, ул. К. Маркса, д.8",46.208529999999996,55.934225,объекты_культурного_наследия
"Дом, в котором  жил заслуженный деятель искусств Мордовской ССР, художник Ноздрин Е.А., 1920-1955 гг.","г. Алатырь, ул. Гоголя, д. 32",46.585445,54.84914200000001,объекты_культурного_наследия
"Дом, в котором 21 октября 1919 года состоялась первая уездная конференция РКСМ","г. Цивильск, ул. Большая Советская, д. 30",47.475693,55.872193,объекты_культурного_наследия
"Дом, в котором 9 июля 1919 г. перед  трудящимися города выступала Н.К. Крупская","г. Чебоксары, бульвар купца Ефремова, д. 10",47.252112,56.14499300000001,объекты_культурного_наследия
"Дом, в котором в 1919 году выступала Н.К. Крупская","г. Мариинский Посад, ул. Набережная д. 20",47.723826,56.120543000000005,объекты_культурного_наследия
"Дом, в котором в 1930 г. был открыт Чувашский государственный педагогический институт – первое высшее учебное заведение Чувашии.","г. Чебоксары, ул. К. Маркса, д.32",47.24965,56.14129200000001,объекты_культурного_наследия
"Дом, в котором в 1942 г. размещался эвакогоспиталь№ 3061","г. Чебоксары, ул. К. Маркса, д.56",47.244153000000004,56.131967,объекты_культурного_наследия
"Дом, в котором в годы Великой Отечественной войны  размещался эвакогоспиталь","г. Канаш, ул. Павлова, д. 12",47.485781,55.515737,объекты_культурного_наследия
"Дом, в котором в годы Великой Отечественной Войны 1941-1945 гг. размещался эвакогоспиталь № 3056","г. Чебоксары, пл. Республики, д.2",47.248725,56.140851,объекты_культурного_наследия
"Дом, в котором в годы Великой Отечественной войны размещался эвакогоспиталь","г. Канаш, ул. Пушкина, д.14",47.490515,55.509701,объекты_культурного_наследия
"Дом, в котором в годы Великой Отечественной войны размещался эвакогоспиталь","г. Канаш, ул. Пушкина, д. 21",47.491764,55.510934999999996,объекты_культурного_наследия
"Дом, в котором в годы Великой Отечественной Войны1941-1945 гг.размещался эвакогоспиталь№ 3058","г. Чебоксары, ул. Ленинградская, д.22",47.247772999999995,56.143558999999996,объекты_культурного_наследия
"Дом, в котором в декабре 1917 года на I съезде Советов рабочих, крестьянских и солдатских депутатов была провозглашена Советская власть в городе и уезде","г. Ядрин, ул. Советская д.30",46.203894,55.933721,объекты_культурного_наследия
"Дом, в котором дважды останавливался К.Е. Ворошилов (в конце 1941 г. и в начале 1942 г.)","Алатырский р-н, с. Чуварлей, ул. Николаева, д. 142",46.483288,54.862294999999996,объекты_культурного_наследия
"Дом, в котором жил художник Воронов В.Д., 1878 г.","г. Алатырь, ул. Покровского, д. 18, ул. Горшенина, д. 2",46.602709999999995,54.853941000000006,объекты_культурного_наследия
"Дом, в котором жил чувашский писатель Осипов П.Н., начало XX в.","Козловский район, д. Кудемеры, ул. Осипова, д. 24",47.823449,55.840229,объекты_культурного_наследия
"Дом, в котором жила Чувашская писательница Трубина М.Д., конец XIX в.","Козловский район, с. Байгулово,  ул. М. Трубиной",47.956866999999995,55.838905000000004,объекты_культурного_наследия
"Дом, в котором жили чувашские писатели Ухсай Я.Г. и Ухсай М.Д., начало  XX в.","Козловский район, д. Ягунькино, ул. Капитана Петрова",48.047552,55.834123,объекты_культурного_наследия
"Дом, в котором останавливался в 1918 году скульптор Эрьзя (Нефедов С.Д.), 1910 г.","г. Алатырь, ул. Октябрьской Революции, д. 35",46.572195,54.839816000000006,объекты_культурного_наследия
"Дом, в котором родился выдающийся ученый-тюрколог Ашмарин Николай Иванович, 1870 г.","г. Ядрин, ул. Ленина, д.18",46.209212,55.937895999999995,объекты_культурного_наследия
"Дом, в котором родился и вырос А.А. Кокель, конец XIX в.","Батыревский район, с. Тарханы",47.336661,55.007323,объекты_культурного_наследия
"Дом, в котором родился и жил Василий Иванович Чапаев г. Чебоксары,  Сквер им. Чапаева","г. Чебоксары,  Сквер им. Чапаева",47.258031,56.115825,объекты_культурного_наследия
"Дом, в котором родился и жил дважды Герой Советского Союза, летчик-космонавт СССР Андриан Григорьевич Николаев","Мариинско-Посадский р-н, с. Шоршелы, ул. Николаева, д.10",47.592959,56.00650699999999,объекты_культурного_наследия
"Дом, где в годы Великой Отечественной войны размещался эвакогоспиталь","Вурнарский р-н, п. Вурнары, ул. Ленина, д. 59 (разрушен в 1979 году)",46.964175,55.487479,объекты_культурного_наследия
"Дом, где жил известный этнограф  Магницкий В.К., 1894-1901 годы","Ядринский р-н, с. Советское, ул. Магницкого",46.540098,55.860039,объекты_культурного_наследия
"Дом-усадьба народного художника Чувашской Республики Спиридонова М.С., 1900 г.","Янтиковский р-н, с. Яншихово-Норваши, ул. Парковая, д.10",47.654269,55.561976,объекты_культурного_наследия
"Жилой дом Семяхиной Александры Алексеевны, начало XX  в.","Ядринский р-н, с. Иваньково",46.272831,55.998971999999995,объекты_культурного_наследия
"Жилой дом, XIX в.","Порецкий р-н, с. Порецкое, ул. Октябрьская, д.1",46.333369,55.199804,объекты_культурного_наследия
"Жилой дом, XVIII в.","г. Ядрин, ул. Горького, д.1",46.210919,55.934149,объекты_культурного_наследия
"Жилой дом, вторая половина XIX в.","г. Ядрин, ул. К. Маркса, д.29",46.206446,55.936504000000006,объекты_культурного_наследия
"Жилой дом, вторая половина XX в.","г. Ядрин, ул. Комсомольская, д.3",46.208125,55.936797,объекты_культурного_наследия
"Жилой корпус Янибяковского завода, конец XIX в.","г. Ядрин, ул. Шоссейная, д.1015",46.227763,55.917526,объекты_культурного_наследия
"Здание аптеки, конец XIX  в.","г. Чебоксары, ул. Бондарева, д. 9",47.249371999999994,56.15163199999999,объекты_культурного_наследия
"Здание больницы (каменное), начало XIX в.","г. Ядрин, ул. К. Маркса, д.20",46.207101,55.93704399999999,объекты_культурного_наследия
"Здание больницы, где в 1941-1945 гг. размещался эвакогоспиталь  № 3063","г. Цивильск, Район. Больница, ул. Иванова, д. 1",47.467321000000005,55.86265600000001,объекты_культурного_наследия
"Здание бывшего Дома печати, 1935 г.","г. Чебоксары, ул. Композиторов Воробьевых, д. 5",47.252731,56.143102,объекты_культурного_наследия
"Здание бывшего универмага «Детский мир», 1930-е годы","г. Чебоксары, ул. К. Маркса, д. 21",47.251204,56.142842,объекты_культурного_наследия
"Здание бывшей типографии С.Ф. Родионова, 1913 г.","г. Алатырь, ул. Комсомола, д. 23, ул. Стрелецкая, д. 22",46.594958,54.849318000000004,объекты_культурного_наследия
"Здание бывшей тюрьмы (каменное), II пол. XVIII в.","г. Ядрин, К. Маркса, д.15",46.206949,55.934064,объекты_культурного_наследия
"Здание бывшей учительской семинарии, 1915 г.","г. Канаш, ул. Железнодорожная, д. 161",47.486994,55.514605,объекты_культурного_наследия
Здание бывшей церкви (каменное),"Канашский р-он, с. Высоковка Вторая, ул. Мира, 15",47.553371000000006,55.650551,объекты_культурного_наследия
Здание бывшей церкви XIX в.,"Аликовский р-н, с. Асакасы, ул. Нагорная, д. 6",46.892641999999995,55.70353000000001,объекты_культурного_наследия
"Здание бывшей церкви с часовней, оградой, воротами, середина XIX в.","Козловский р-н, с. Байгулово, пер. Церковный",47.956148,55.837610999999995,объекты_культурного_наследия
"Здание бывшей церкви, конец XVIII в.","Канашский р-н, с. Шигали, ул. Клубная, д. 3",47.467411,55.682568999999994,объекты_культурного_наследия
"Здание бывшей школы, где учился дважды Герой Советского Союза космонавт А.Г. Николаев Ныне церковь","Мариинско-Посадский р-н, с. Шоршелы, ул. Николаева, д 43",47.582988,56.007403000000004,объекты_культурного_наследия
"Здание воинского присутствия, вторая половина XIX в.","г. Ядрин, Красноармейская, д.6",46.206903999999994,55.94126899999999,объекты_культурного_наследия
"Здание Главного управления Центрального банка России по Чувашской Республике, 1930-е годы","г. Чебоксары, ул. К. Маркса, д. 25",47.251321000000004,56.14200400000001,объекты_культурного_наследия
"Здание глазной лечебницы, 1911 г.","г. Ядрин, ул. К. Маркса, д. 2",46.209518,55.932485,объекты_культурного_наследия
"Здание железнодорожного вокзала станции Алатырь, 1893 г.","г. Алатырь, ул. Горького, д. 1",46.578429,54.849665,объекты_культурного_наследия
"Здание женской прогимназии, конец XIX в.","г. Ядрин, ул. Первомайская, д.12",46.211090000000006,55.937629,объекты_культурного_наследия
"Здание казначейства, XIX в.","г. Алатырь, пл. Октябрьской Революции, д. 14",46.601803000000004,54.85674,объекты_культурного_наследия
"Здание ликеро-водочного завода «Чебоксарский», 1900 г.","г. Чебоксары, ул. К. Иванова, д. 63",47.235942,56.151546999999994,объекты_культурного_наследия
"Здание магазина «Галантерея», начало XX в.","г. Алатырь, ул. Ленина, д. 10",46.599207,54.853579,объекты_культурного_наследия
"Здание магазинов «Продукты», «Хлеб», 1899 г.","г. Алатырь, ул. Комсомола, д. 102",46.580289,54.850407,объекты_культурного_наследия
"Здание мастерских Тихвинского монастыря (первый этаж - каменный, второй - деревянный), 1886 г.","г. Цивильск, ул. Пролетарская, д. 1",47.474687,55.876268,объекты_культурного_наследия
"Здание МВД Чувашской Республики, 1950-е годы","г. Чебоксары, ул. К. Маркса, д. 41, ул. Кооперативная, д. 3",47.248329999999996,56.137505000000004,объекты_культурного_наследия
"Здание Министерства безопасностиЧувашской Республики, 1950-е годы","г. Чебоксары, ул. К. Маркса, д. 43",47.248446,56.136221,объекты_культурного_наследия
"Здание народного дома, начало XX в.","Батыревский район, с. Батырево, ул. Яковлева, д. 1",47.602814,55.069242,объекты_культурного_наследия
"Здание народного музея, 1898 г.","Красночетайский р-н, с. Красные Четаи, ул. Советская, 5а",46.152277000000005,55.690146,объекты_культурного_наследия
"Здание начальной школы, открытой в 1873 году чувашским просветителем И.Я. Яковлевым","Янтиковский р-н, с. Яншихово-Норваши",47.642564,55.56244399999999,объекты_культурного_наследия
"Здание первого в Поволжье научного центра по борьбе с трахомой (памятник архитектуры конструктивизма), 1937 г.","г. Чебоксары, ул. Сеспеля, д.27",47.245069,56.150794999999995,объекты_культурного_наследия
"Здание первой Чебоксарской городской больницы, 1930 г.","г. Чебоксары, ул. Константина Иванова, д. 14",47.247215999999995,56.152374,объекты_культурного_наследия
"Здание присутственных мест, 30-е годы XIX в.","г. Ядрин, Красноармейская, д.3",46.209527,55.940538000000004,объекты_культурного_наследия
"Здание приходской школы, открытой в 1903 году Чувашским просветителем И.Я. Яковлевым","Янтиковский р-н, с. Алдиарово",47.760315000000006,55.587977,объекты_культурного_наследия
"Здание районной администрации, 1950-е годы","Батыревский район, с. Батырево, ул. Ленина, д. 21",47.607628999999996,55.066756999999996,объекты_культурного_наследия
"Здание реального училища, 1908 г.","г. Ядрин, ул. Октябрьской, д.3",46.201765,55.93154200000001,объекты_культурного_наследия
"Здание средней  школы, где работал заслуженный учитель РСФСР Некрасов А.Т., конец XIX в.","Козловский район, с. Аттиково, ул. Петрова, д. 1а",48.127843,55.775969999999994,объекты_культурного_наследия
"Здание старой школы им. И.Я. Яковлева, 1872 г.","Аликовский р-н, с. Аликово, ул. Советская, д. 15/1",46.747636,55.73885500000001,объекты_культурного_наследия
"Здание телеграфа и гостиницы «Чувашия», 1960-е годы","г. Чебоксары, пр. Ленина, д. 2",47.246057,56.131074,объекты_культурного_наследия
"Здание тюрьмы (каменное), 1857 г.","г. Цивильск, ул. Советская, д. 71",47.478873,55.868001,объекты_культурного_наследия
"Здание уездного училища, 1846 г.","г. Ядрин, ул. К. Маркса, д.12",46.207964000000004,55.93513299999999,объекты_культурного_наследия
"Здание церкви (каменная), начало XX в.","Ядринский р-н, с. Ильина Гора, ул. Мира, д.71",46.129667,55.824794,объекты_культурного_наследия
"Здание церкви (каменное), XIX в.","Урмарский р-н, с. Буртасы, ул. Красная горка, д.1",47.737687,55.75095,объекты_культурного_наследия
"Здание церкви (каменное), конец XIX - начало XX в.","Янтиковский р-н, с. Можарки,  ул. Красноармейская, д.52",47.820817,55.47215799999999,объекты_культурного_наследия
"Здание церкви, 1825 г.,","Вурнарский р-н, с. Альменево, ул. Садовая, д.17а",46.929733,55.647016,объекты_культурного_наследия
"Здание церкви, 1884 г.","Комсомольский  р-н, с. Луцкое, ул. Антонова, д. 8",47.632754999999996,55.2728,объекты_культурного_наследия
"Здание Чувашского государственного академического драматического театра им. К.В. Иванова, 1961 г.","г. Чебоксары, пл. Красная, д. 7",47.250593,56.145164,объекты_культурного_наследия
"Здание Чувашского государственного педагогического института им. И. Я. Яковлева, 1956 г.","г. Чебоксары, ул.К. Маркса, д. 38",47.24771,56.13886899999999,объекты_культурного_наследия
"Здание Чувашского государственного сельскохозяйственного института, 1957 г.","г. Чебоксары, ул. К. Маркса, д. 29",47.250306,56.140168,объекты_культурного_наследия
"Здание Чувашского государственного театра кукол, 1960-е годы","г. Чебоксары, ул. Президентский бульвар, д. 15",47.245419,56.140871,объекты_культурного_наследия
"Здание Чувашского государственного университета им. И.Н. Ульянова, 1930-е годы","г. Чебоксары, пр. Московский, д. 15",47.224291,56.14571,объекты_культурного_наследия
"Здание Чувашской государственной филармонии, 1959 г.","г. Чебоксары, ул. Гагарина, 14",47.255274,56.123287,объекты_культурного_наследия
"Здание школы № 6, которуюинспектировал в 1885 г. И.Н. Ульянов","г. Алатырь, ул. Комсомола, д. 6",46.600033,54.849453000000004,объекты_культурного_наследия
"Здание школы, где учился Герой Советского Союза М.В. Силантьев в 1925-1930 гг.","г. Цивильск, средняя школа №1, ул. Горького, д. 1",47.473564,55.87279399999999,объекты_культурного_наследия
"Здание школы, где учился Герой Советского Союза Юрий Францев","г. Шумерля, ул. Пушкина, д. 21",46.409977000000005,55.502880000000005,объекты_культурного_наследия
"Здание школы, которую посетил в 1873 году И.Н. Ульянов","Батыревский р-н с. Сугуты, ул. Советская, д. 2а",47.635296999999994,55.00164399999999,объекты_культурного_наследия
"Здание школы, начало XX в.","Мариинско-Посадский р-н, с. Первое Чурашево, ул. Школьная, д. 5",47.685234,55.947253,объекты_культурного_наследия
"Здание школы, открытой И.Н. Ульяновым, 1870 г.","Шумерлинский р-н, с. Ходары, ул. Ленина, д. 1",46.610912,55.585708,объекты_культурного_наследия
"Здание школы, открытой И.Я. Яковлевым, конец XIX в.","Яльчикский р-н, c. Яльчики, ул. Кооперативная, д.71",47.990392,55.161677000000005,объекты_культурного_наследия
"Здание школы, открытой И.Я. Яковлевым, конец XIX в.","Яльчикский р-н, с. Лащ-Таяба , ул. Центральная, д.2",47.998405,55.030375,объекты_культурного_наследия
"Здание, где в школе учился Герой Советского Союза В.И. Уруков. Здесь в годы Великой Отечественной Войны находился эвакогоспиталь","г. Шумерля, ул. Ленина, д. 4б",46.415141999999996,55.4998,объекты_культурного_наследия
"Земское собрание, XIX в.","г. Ядрин, ул. К. Маркса, д.27",46.206742,55.936252,объекты_культурного_наследия
"Йаковлевская церковь (каменная), конец XIX в.","г. Алатырь, ул. Гагарина, д. 131",46.535984,54.842491,объекты_культурного_наследия
"Иоаннобогословская церковь, 1898 г.","Урмарский р-н, с. Шоркистры,  ул. Советская. д.2",47.749590000000005,55.647605000000006,объекты_культурного_наследия
"Казанская церковь (деревянная), XIX в.","Алатырский р-н, с. Алтышево, ул. Комсомольская , д. 24",46.716383,54.899887,объекты_культурного_наследия
"Казанская церковь (каменная), 1735 г.","г. Цивильск, ул. К. Маркса, д. 3",47.471606,55.87161700000001,объекты_культурного_наследия
"Казанская церковь (каменная), 1760 г.","Порецкий р-н, с. Анастасово, ул. Анастасова-1, д. 99б",46.254540999999996,55.17937,объекты_культурного_наследия
"Казанская церковь с колокольней, XVII-XVIII вв.","г. Алатырь, пл. Октябрьской революции, д. 22",46.600761,54.854693000000005,объекты_культурного_наследия
"Казанская церковь, 1917 г.","Чебоксарский  р-н, с. Альгешево, ул. Пионерская, д.29",47.288332000000004,56.06284599999999,объекты_культурного_наследия
"Каменное двухэтажное здание бывшего  духовного училища, 1882 г.","г. Алатырь, ул. Троицкая, д. 3",46.596323,54.854707999999995,объекты_культурного_наследия
"Каменное двухэтажное здание бывшего купеческого клуба, «Дом Попова», II пол. XIX в.","г. Алатырь, ул. Кирова, д. 1",46.601794,54.853967000000004,объекты_культурного_наследия
"Каменное двухэтажное здание бывшего общежития духовного училища, конец XIX в","г. Алатырь, ул. Троицкая, д. 5.",46.595784,54.854392000000004,объекты_культурного_наследия
"Каменное двухэтажное здание бывшей  тюрьмы, конец XIX - начало XX в.","г. Алатырь, ул. Б. Хмельницкого, д. 19б",46.598938000000004,54.841164,объекты_культурного_наследия
"Каменное двухэтажное здание бывшей Земской управы, I пол.  XIX в.","г. Алатырь, ул. Ленина, д. 29",46.598442999999996,54.850329,объекты_культурного_наследия
"Каменное двухэтажное здание торговой лавки, 1900 г.","г. Алатырь, ул. Ленина, д. 5",46.599880999999996,54.853443999999996,объекты_культурного_наследия
"Каменное одноэтажное здание кинотеатра  «АРС», конец XIX - начало XX в.","г. Алатырь, ул. Ленина, д. 31, ул. Комсомола, д. 15",46.598309,54.849111,объекты_культурного_наследия
"Каменное одноэтажное здание торговой лавки, II пол. XIX в.","г. Алатырь, ул. Октябрьская, д. 50",46.542092,54.866668000000004,объекты_культурного_наследия
"Каменное одноэтажное здание, конец XIX - начало XX в.","г. Алатырь, ул. Ленина, д. 58",46.597608,54.848898,объекты_культурного_наследия
"Каменное одноэтажное здание, конец XIX - начало XX в.","г. Алатырь, ул. Комсомола, д. 20, ул. Стрелецкая, д. 25",46.594302,54.849375,объекты_культурного_наследия
"Каменное одноэтажное здание, конец XIX - начало XX в.","г. Алатырь, ул. Московская, д. 36",46.592909999999996,54.85049,объекты_культурного_наследия
"Каменное одноэтажное здание, конец XIX - начало XX в.","г. Алатырь, ул. Ленина, д. 42",46.597869,54.850687,объекты_культурного_наследия
"Каменное одноэтажное здание, конец XIX - начало XX в.","г. Алатырь, ул. Ленина, д. 44",46.597770000000004,54.850412,объекты_культурного_наследия
"Каменное одноэтажное здание, конец XIX в.","г. Алатырь, ул. Ленина, д. 48",46.597761,54.85005400000001,объекты_культурного_наследия
"Каменное одноэтажное здание, конец XIX в.","г. Алатырь, ул. Ленина, д. 56, ул. Комсомола, д. 17",46.597653,54.849163,объекты_культурного_наследия
"Каменное трехэтажное здание бывшей винополии, 1896 г.","г. Алатырь, ул. Первомайская, д. 48",46.587565000000005,54.848136,объекты_культурного_наследия
"Каменный двухэтажный дом при церкви Иоанна Предтечи, II пол. XIX в.","г. Алатырь, пл. Октябрьской революции, д. 6",46.60201,54.855761,объекты_культурного_наследия
"Каменный двухэтажный дом с подвалами, I пол.  XIX в.","г. Чебоксары, бульвар купца Ефремова, д. 2/5",47.252371999999994,56.145469999999996,объекты_культурного_наследия
"Каменный двухэтажный дом с подвалами, XVIII-XX вв.","г. Чебоксары, бульвар купца Ефремова, д. 8",47.251968,56.144587,объекты_культурного_наследия
"Каменный двухэтажный дом с подвалом, 1917 г.","г. Чебоксары, пл. Красная, д. 3",47.253296999999996,56.14524399999999,объекты_культурного_наследия
"Каменный двухэтажный дом с полуподвальным помещением, XVIII-XX вв.","г. Чебоксары, ул. Бондарева, д. 13/15",47.249371999999994,56.15163199999999,объекты_культурного_наследия
"Каменный двухэтажный дом, 1880 г.","г. Чебоксары, ул. Сеспеля, д. 18",47.24709,56.151316,объекты_культурного_наследия
"Каменный двухэтажный дом, 1890 г.","г. Чебоксары, бульвар купца Ефремова, д. 14",47.252031,56.144777000000005,объекты_культурного_наследия
"Каменный двухэтажный дом, 1938 г.","г. Чебоксары, бульвар купца Ефремова, д. 16",47.252345,56.14413100000001,объекты_культурного_наследия
"Каменный двухэтажный дом, I пол. XIX в.","г. Чебоксары, пл. Красная, д. 1",47.254088,56.145229,объекты_культурного_наследия
"Каменный двухэтажный дом, II пол.  XIX в.","г. Чебоксары, бульвар купца Ефремова, д. 4",47.252148,56.145239000000004,объекты_культурного_наследия
"Каменный двухэтажный дом, II пол. XIX в.","г. Алатырь, ул. Ленина, д. 17",46.598991,54.852033999999996,объекты_культурного_наследия
"Каменный двухэтажный дом, II пол. XIX в.","г. Мариинский Посад, ул. Бондарева, д. 9",47.723017,56.116673,объекты_культурного_наследия
"Каменный двухэтажный дом, II пол. XIX в.","г. Мариинский Посад,ул. Бондарева, д. 11",47.722263,56.116754,объекты_культурного_наследия
"Каменный двухэтажный дом, II пол. XIX в.","г. Мариинский Посад, ул. Горького, д. 6",47.7237,56.117988000000004,объекты_культурного_наследия
"Каменный двухэтажный дом, II пол. XIX в.","г. Мариинский Посад, ул. Ленинская, д. 1",47.725658,56.120532999999995,объекты_культурного_наследия
"Каменный двухэтажный дом, II пол. XIX в.","г. Мариинский Посад,ул. Ленинская, д. 3",47.725460999999996,56.119905,объекты_культурного_наследия
"Каменный двухэтажный дом, II пол. XIX в.","г. Мариинский Посад, ул. Ленинская, д. 13",47.725344,56.118611,объекты_культурного_наследия
"Каменный двухэтажный дом, II пол. XIX в.","г. Мариинский Посад, ул. Ленинская, д. 15",47.725272,56.118254,объекты_культурного_наследия
"Каменный двухэтажный дом, II пол. XIX в.","г. Мариинский Посад, ул. Ленинская, д. 21",47.725084,56.117225,объекты_культурного_наследия
"Каменный двухэтажный дом, II пол. XIX в.","г. Мариинский Посад, ул. Набережная, д. 22",47.724940000000004,56.120397,объекты_культурного_наследия
"Каменный двухэтажный дом, II пол. XIX в.","г. Мариинский Посад, ул. Нахимова, д. 15",47.718328,56.119549,объекты_культурного_наследия
"Каменный двухэтажный дом, конец XIX  - начало XX в.","Порецкий р-н,  с. Порецкое, ул. Кооперативная, д.2",46.325931,55.197677,объекты_культурного_наследия
"Каменный двухэтажный дом, конец XIX - начало XX в.","г. Алатырь, ул. Московская, д. 20",46.595793,54.85333000000001,объекты_культурного_наследия
"Каменный двухэтажный дом, конец XIX - начало XX в.","Порецкий р-н,  с. Порецкое, ул. Кооперативная, д.30",46.324799,55.19815500000001,объекты_культурного_наследия
"Каменный двухэтажный дом, конец XIX - начало XX в.","Порецкий р-н,  с. Порецкое, ул. Кооперативная, д.32",46.3247,55.198227,объекты_культурного_наследия
"Каменный двухэтажный дом, конец XIX - начало XX в.","Порецкий р-н,  с. Порецкое, ул. Кооперативная, д.36",46.324484000000005,55.198525,объекты_культурного_наследия
"Каменный двухэтажный дом, конец XIX в.","г. Алатырь, ул. Кирова, д. 26",46.600823999999996,54.851511,объекты_культурного_наследия
"Каменный двухэтажный дом, конец XIX в.","г. Алатырь, ул. Ленина, д. 14",46.599009,54.8532,объекты_культурного_наследия
"Каменный двухэтажный дом, конец XIX в.","г. Алатырь, ул. Кирова, д. 11а",46.601884000000005,54.85244399999999,объекты_культурного_наследия
"Каменный двухэтажный дом, конец XIX в.","г. Алатырь, ул. Кирова,  д. 15",46.601426000000004,54.852086,объекты_культурного_наследия
"Каменный двухэтажный дом, конец XIX в.","г. Алатырь, ул. Ленина, д. 7",46.599755,54.853173999999996,объекты_культурного_наследия
"Каменный двухэтажный дом, конец XIX в.","г. Алатырь, ул. Ленина, д. 20",46.598812,54.852827000000005,объекты_культурного_наследия
"Каменный двухэтажный дом, конец XIX в.","г. Алатырь, ул. Ленина, д. 54, ул. Комсомола, д. 8",46.599423,54.853812,объекты_культурного_наследия
"Каменный двухэтажный дом, конец XIX в.","г. Алатырь, ул. Московская, д. 73",46.592856,54.846524,объекты_культурного_наследия
"Каменный двухэтажный дом, начало XX в.","г. Чебоксары, ул. К. Иванова, д. 20",47.24691,56.152781000000004,объекты_культурного_наследия
"Каменный двухэтажный дом,I пол. XIX в.","г. Мариинский Посад, ул. Набережная, д. 18",47.723134,56.120633,объекты_культурного_наследия
"Каменный двухэтажный дом,II пол. XIX в.","г. Мариинский Посад, ул. Ленинская, д. 20",47.724652,56.118064000000004,объекты_культурного_наследия
"Каменный двухэтажный жилой дом, конец XIX -начало XIX в.","г. Алатырь, ул. Комсомола, д. 60/33",46.58858,54.850002,объекты_культурного_наследия
Каменный одноэтажный дом,"г. Мариинский Посад, ул. Ленинская, д. 16",47.724832,56.118937,объекты_культурного_наследия
"Каменный одноэтажный дом при церкви Иоанна Предтечи, конец. XIX в.","г. Алатырь, пл. Октябрьской революции, д. 4",46.601273,54.855973,объекты_культурного_наследия
"Каменный одноэтажный дом, 1788 г.","г. Цивильск, ул. Пугачева, д. 18а",47.468471,55.870339,объекты_культурного_наследия
"Каменный одноэтажный дом, II пол. XIX в.","г. Алатырь, пл. Октябрьской революции, д. 17/1",46.599315000000004,54.854293999999996,объекты_культурного_наследия
"Каменный одноэтажный дом, II пол. XIX в.","г. Мариинский Посад, ул. Казанская, д. 2/7",47.72715,56.118947,объекты_культурного_наследия
"Каменный одноэтажный дом, II пол. XIX в.","г. Мариинский Посад, ул. Николаева, д. 12",47.722065,56.119293000000006,объекты_культурного_наследия
"Каменный одноэтажный дом, II пол. XIX в.","г. Цивильск, ул. К. Маркса, д. 14",47.470859999999995,55.87100600000001,объекты_культурного_наследия
"Каменный одноэтажный дом, XVIII в.","г. Алатырь, ул. Первомайская, д. 42",46.587233000000005,54.849038,объекты_культурного_наследия
"Каменный одноэтажный дом, XVIII в.","г. Цивильск, ул. К. Маркса, д. 8",47.470887,55.871314,объекты_культурного_наследия
"Каменный одноэтажный дом, конец XIX  - начало XX в.","Порецкий р-н, с. Порецкое, ул. Кооперативная, д. 54",46.323802,55.199229,объекты_культурного_наследия
"Каменный одноэтажный дом, конец XIX  - начало XX в.","Порецкий р-н,  с. Порецкое, ул. Октябрьская, д.23",46.331401,55.20095500000001,объекты_культурного_наследия
"Каменный одноэтажный дом, конец XIX - начало XIX в.","г. Алатырь, ул. Комсомола, д. 26",46.594545000000004,54.849681000000004,объекты_культурного_наследия
"Каменный одноэтажный дом, конец XIX - начало XX в.","г. Алатырь, ул. Первомайская, д. 54",46.58725,54.84638399999999,объекты_культурного_наследия
"Каменный одноэтажный дом, конец XIX - начало XX в.","г. Алатырь, ул. III Интернационала, д. 38",46.590206,54.848774,объекты_культурного_наследия
"Каменный одноэтажный дом, конец XIX - начало XX в.","г. Алатырь, ул. Московская, д. 2/19",46.598496999999995,54.854729000000006,объекты_культурного_наследия
"Каменный одноэтажный дом, конец XIX - начало XX в.","г. Алатырь, ул. Московская, д. 18",46.595982,54.853458999999994,объекты_культурного_наследия
"Каменный одноэтажный дом, конец XIX в.","г. Алатырь, ул. Комсомола, д. 22, ул. Стрелецкая, д. 20",46.595254,54.849738,объекты_культурного_наследия
"Каменный одноэтажный жилой дом, «Дом Саврасовой», XIX в.","г. Алатырь, ул. Кирова, д. 23, ул. Горшенина, д. 82",46.599764,54.845161,объекты_культурного_наследия
"Каменный четырехэтажный жилой дом, 1953 г.","г. Чебоксары, ул. К. Маркса, д. 31",47.249731,56.13915,объекты_культурного_наследия
"Камень-часовня,  средние века","Ибресинский р-н, с. Хомбусь-Батырево, ул. Советская",47.095059,55.296645999999996,объекты_культурного_наследия
"Караулка при Введенской церкви, XIX в.","Мариинско-Посадский р-н, с. Первое Чурашево, ул. Школьная, д. 16",47.685549,55.942806000000004,объекты_культурного_наследия
"Караульная гора, XVI-XVIII вв.","Алатырский р-н,  г. Алатыря",46.740862,54.888847999999996,объекты_культурного_наследия
"Квартира, в которой в 1936-1940 гг. жил и работал народный поэт Чувашии Н.И. Полоруссов – Шелеби","г. Чебоксары, ул. К. Маркса, д.26",47.250135,56.14218,объекты_культурного_наследия
"Квартира, в которой в последние годы жил и работал народный поэт Чувашии С.В. Эльгер","г. Чебоксары, ул. К. Маркса, д.24",47.250315,56.142676,объекты_культурного_наследия
"Келейный корпус Тихвинского монастыря  (каменный), 1886 г.","г. Цивильск, ул. Пролетарская, д. 1",47.474687,55.876268,объекты_культурного_наследия
"Колокольня Троицкого собора (каменная), II пол. XIX в.","Порецкий р-н, с. Порецкое, ул. Комсомольская, д.1",46.334977,55.200878,объекты_культурного_наследия
"Колокольня церкви, начало XIX в.","г. Козловка, ул. Беловолжская,ул. Лобачевского, д. 89",48.211890000000004,55.835316000000006,объекты_культурного_наследия
"Комплекс деревянных сооружений водяной мельницы, конец XIX - начало XX в. мельница, дом мельника, складское помещение, амбар, хозяйственное помещение","Янтиковский р-н, с. Янтиково",47.77847,55.512291000000005,объекты_культурного_наследия
"Комплекс Свято-Троицкого монастыря, конец XVI в.,а) собор Живоначальной Троицы(каменный), 1753 г.,б) каменный двухэтажный келейный корпус, 1818 г.,в) каменный двухэтажный корпус трапезной, 1831 г.","г. Алатырь, ул. Троицкая, д. 22",46.593431,54.854791000000006,объекты_культурного_наследия
"Комплекс строений Иоаннобогословской церкви, начало XIX в., Иоаннобогословская церковь, часовня, амбар, амбар, дом причта, ворота, ограда","Козловский р-н, с. Карамышево, ул. Центральная, д. 133",48.052052,55.882737,объекты_культурного_наследия
"Крестовоздвиженская церковь (Полевая), 1826 г.","г. Алатырь, ул. Первомайская, д. 102",46.586262,54.83895,объекты_культурного_наследия
"Купеческая  лавка, XIX в.","Порецкий р-н, с. Порецкое, ул. Ульянова, д.6",46.332614,55.199188,объекты_культурного_наследия
"Купеческая лавка, XIX в.","Порецкий р-н, с. Порецкое, ул. Кооперативная, д.5",46.325176,55.197579000000005,объекты_культурного_наследия
"Магазин Мордвиновых, конец XIX - начало XX вв.","г. Ядрин, ул. Ленина, д.53",46.207371,55.941425,объекты_культурного_наследия
"Мельница ветряная, начало XX в. (на территории Ибресинского этнографического музейного комплекса)","п. Ибреси, ул. Комсомольская, д. 31",47.041852,55.302715,объекты_культурного_наследия
"Место, где находилась усадьбаматематика Н.И. Лобачевского в 1840-1855 гг.","г. Козловка, ул. Слободская",48.293385,55.83601899999999,объекты_культурного_наследия
"Место, где находился дом, в котором в 1887 г. родился В.И. Чапаев. На новом доме установлена мемориальная доска","г. Чебоксары, ул.  1-я Чапаева, д.99",47.255732,56.13219300000001,объекты_культурного_наследия
"Мечеть, 1906 г.","Шемуршинский р-н, с. Трехбалтаево, ул. Победы, д.5",47.673753999999995,54.927517,объекты_культурного_наследия
"Михаилоархангельская церковь (каменная), конец XVIII-начало XIX в.","г. Ядрин, ул. Горького, д.3б",46.209903999999995,55.933508999999994,объекты_культурного_наследия
"Михаилоархангельская церковь, 1702 г.","г. Чебоксары, ул. Бондарева, д.12",47.249902,56.151818000000006,объекты_культурного_наследия
"Михаилоархангельская церковь, 1915 г.","Мариинско-Посадский р-н, с. Тогаево, ул. Центральная, д. 2а",47.849195,55.970675,объекты_культурного_наследия
"Могила  Эльменя Данилы Семеновича, государственного и общественного деятеля, 1885 - 1932 годы","г. Чебоксары, ул. Б.Хмельницкого старое кладбище",47.002891999999996,55.821017000000005,объекты_культурного_наследия
"Могила В.П. Воробьева (1887-1954 гг.), композитора, заслуженного деятеля искусств Чувашской АССР","г. Чебоксары, ул. Б. Хмельницкого старое кладбище",47.002891999999996,55.821017000000005,объекты_культурного_наследия
"Могила Г.В. Воробьева (1918-1939 гг.), композитора","г. Чебоксары, ул. Б. Хмельницкого старое кладбище",47.002891999999996,55.821017000000005,объекты_культурного_наследия
Могила дважды Героя Социалистического Труда С.К. Короткова,"Вурнарский р-н, д. Кольцовка",47.094951,55.424975,объекты_культурного_наследия
"Могила двух красноармейцев, погибших в 1918 году в борьбе с белогвардейцами. На могиле установлен обелиск","Батыревский р-н, с. Шигирданы",47.433471999999995,55.035157999999996,объекты_культурного_наследия
"Могила комиссара Е.К. Карзанова, убитого в 1918 году белогвардейцами.  На могиле установлен памятник","Шемуршинский район, с. Старые Чукалы",47.201006,54.713781999999995,объекты_культурного_наследия
"Могила коммуниста И.С. Семенова, убитого в 1920 году контрреволюционерами. На могиле установлен памятник","г. Новочебоксарск, ул. Винокурова (Соборная площадь)",47.47687,56.108728,объекты_культурного_наследия
"Могила коммуниста Н.И. Соловьева, убитого в 1921 году. кулаками. На могиле установлен обелиск","Ядринский р-н, д. Кильдишево",46.582346,55.842413,объекты_культурного_наследия
"Могила коммуниста П.Д.  Шахалова, убитого кулаками в 1930 г. На могиле установлен обелиск","Вурнарский р-н, д. Алгазино",46.943415,55.597190000000005,объекты_культурного_наследия
"Могила коммуниста Ф.И. Туптова, убитого кулаками в 1933 году. На могиле установлен памятник","Батыревский р-н, с. Большое Чеменево",47.246075,55.024167000000006,объекты_культурного_наследия
"Могила комсомольца Л. Шильникова, который сгорел в 1957 году, спасая свой комсомольский билет. На могиле установлен памятник","Порецкий р-н, с. Сиява",46.510049,55.142375,объекты_культурного_наследия
"Могила организатора колхоза коммуниста А.М. Козлова, убитого кулаками в 1930 году","Батыревский р-н, с. Старые Тойси",47.821203000000004,55.073386,объекты_культурного_наследия
"Могила пионера Хрисана Степанова, убитого кулаками в 1932 году. На могиле установлен обелиск","Вурнарский р-н, д. Большие Яуши",47.064885,55.640142000000004,объекты_культурного_наследия
"Могила председателя колхоза «Красноармеец» Ф.А. Киреева, убитого в 1934 году кулаками. На могиле установлен обелиск","Ядринский р-н, с. Засурье",46.243654,56.046393,объекты_культурного_наследия
"Могила председателя колхоза, коммуниста Г.К. Пылина, убитого кулаками. На могиле установлен памятник","Вурнарский р-н, д. Буртасы",46.858128,55.495782,объекты_культурного_наследия
"Могила председателя Чебоксарского Совета рабочих, солдатских и крестьянских депутатов И.Г. Кадыкова (1889-1918 гг.), убитого кулаками во время контрреволюционного мятежа. На могиле установлен памятник","г. Чебоксары, ул. Вачалкассинская",47.300594,56.079995,объекты_культурного_наследия
"Могила Хузангая  Педера, чувашского поэта, 1907-1970 годы","г. Чебоксары, ул. Б. Хмельницкого старое кладбище",47.002891999999996,55.821017000000005,объекты_культурного_наследия
"Могила Эльгера Семена Васильевича,  чувашского поэта, 1894-1966 годы","г. Чебоксары, ул. Б. Хмельницкого старое кладбище",47.002891999999996,55.821017000000005,объекты_культурного_наследия
"Могила этнографа Магницкого В.К., 1839 -1901 годы","Ядринский р-н, с. Советское",46.546009000000005,55.858427,объекты_культурного_наследия
"Монумент в честь воинов – чебоксарцев, погибших в Великой Отечественной войне 1941-1945 гг. (скульптор Щербаков М.Д. архитектор Захаров Г.А. ,1980 г., бронза, гранит), парк «Победа», вост. косогор","г. Чебоксары, парк Победа",47.268003,56.147475,объекты_культурного_наследия
"Николо-Покровская церковь, конец XIX в.","Мариинско-Посадский р-н, с. Покровское, ул. Школьная, д.3",47.924285,55.93546,объекты_культурного_наследия
"Никольская церковь (каменная), конец XIX в.","Порецкий р-н,  с. Сыреси, ул. Октябрьская, д.183",46.415366999999996,55.070221,объекты_культурного_наследия
"Никольская церковь (каменная), начало XX в.","Ядринский р-н, с. Никольское, ул. Солнечная, д.22",46.19492,55.997386,объекты_культурного_наследия
"Никольская церковь, 1898 г.","Ядринский р-н, с. Чиганары, ул. Мира, д. 1а",46.340861,55.929182,объекты_культурного_наследия
"Никольская церковь, 1984 г.","Порецкий р-н, с. Мишуково, ул. Южная, д.1а",46.148379,55.032118999999994,объекты_культурного_наследия
"Никольская церковь, XIX в.","Порецкий р-н, с. Анастасово, ул. Анастасова-1, д.99б",46.254540999999996,55.17937,объекты_культурного_наследия
"Никольская церковь, XVIII в.","Порецкий р-н, с. Сиява, ул. Ленина, д.98",46.513768,55.142591,объекты_культурного_наследия
Обелиск в память о вооруженном восстании крестьян в ноябре 1905 г.,"Цивильский р-н, с. Иваново",47.492841999999996,55.826554,объекты_культурного_наследия
Обелиск в память о вооруженном восстании крестьян в январе 1906 г.,"Цивильский р-н, с. Первое Семеново",47.383454,55.86603100000001,объекты_культурного_наследия
Обелиск в память о вооруженном восстании крестьян в январе 1906 года,"Чебоксарский р-н, с. Абашево",47.359433,55.987246,объекты_культурного_наследия
Обелиск в память о восстании крестьян в 1913 г. против столыпинской аграрной реформы,"Аликовский р-н, с. Большие Атмени",46.517998999999996,55.789978000000005,объекты_культурного_наследия
Обелиск герою гражданской войны И.С. Космовскому погибшему в 1919 году в бою с белогвардейцами,"Шемуршинский район, с. Шемурша",47.517106,54.886725,объекты_культурного_наследия
"Обелиск коммунисту К.Д. Данилову, убитому в 1921 году кулаками","Вурнарский р-н,  д. Сугут-Торбиково",47.002344,55.659256000000006,объекты_культурного_наследия
"Одиннадцать братских могил воинов, умерших от ран в госпиталях в годы Великой Отечественной войны","г. Канаш, кладбище",47.491764,55.50694300000001,объекты_культурного_наследия
"Одноэтажное деревянное здание бывшего городского училища, 1911 г.","г. Алатырь, ул. Комсомола, д. 47",46.590323,54.849417,объекты_культурного_наследия
"Одноэтажный дом смешанного типа, II пол. XIX в.","г. Мариинский Посад, ул. Казанская, д. 18",47.724472999999996,56.118961999999996,объекты_культурного_наследия
"Памятник В.И. Ленину, 1960 г.","г. Чебоксары, пл. Республики",47.248204,56.139897999999995,объекты_культурного_наследия
"Памятник Герою Советского Союза В.И. Урукову, погибшему в 1942 году в бою с немецко-фашистскими захватчиками","Шемуршинский район, с. Шемурша",47.517106,54.886725,объекты_культурного_наследия
"Памятник герою советского союза, летчику-космонавту СССР Юрию Алексеевичу Гагарину(скульптор Постников Г.Н. архитектор Шимарев Б.М., лабродарит, 1976 г., кованый алюминий)","г. Чебоксары, ул. Гагарина",47.258696,56.124873,объекты_культурного_наследия
"Памятник И.С. Семенову (скульптор Брындин А.К., архитектор Шимарев Б.М.) медь, гранит, 1985 г.","г. Новочебоксарск, ул. Винокурова (Соборная площадь)",47.47687,56.108728,объекты_культурного_наследия
"Памятник коммунистам и советским активистам, погибшим во время кулацкого мятежа 1921году","Комсомольский р-н, с. Комсомольское",47.536392,55.262178000000006,объекты_культурного_наследия
"Памятник М. Сеспелю (скульптор Майраслов А.П., архитектор Краснов Н.С., 1989 г., медь, мрамор) Ленина, в парке у здания строительного факультета Чувашского государственного университета","г. Чебоксары,  пр. Ленина",47.253997999999996,56.12230400000001,объекты_культурного_наследия
"Памятник погибшим 7 бойцам – афганцам «Танк», 1989 г.","Батыревский р-н, с. Батырево, ул. Ленина",47.607960999999996,55.064406000000005,объекты_культурного_наследия
"Памятник уполномоченному ЧК Н.Ф. Малинкину, убитому кулаками в 1921 году","Канашский р-н, с. Тобурданово",47.592034000000005,55.361118999999995,объекты_культурного_наследия
Памятник-бюст М. Сеспелю,"Канашский район, д. Сеспель, ул. Сеспеля",47.296354,55.595028000000006,объекты_культурного_наследия
"Памятный знак  летчику-космонавту А.Г. Николаеву (скульптор Брындин А.К., архитектор Орешников А.Б, 1987 г., медь, гранит)","г. Чебоксары, пр. Ленина, ул. Николаева",47.253997999999996,56.12230400000001,объекты_культурного_наследия
"Памятный знак Ф.Э. Дзержинскому (скульптор Брындин А.К., архитектор Орешников А.Б., 1987 г., медь мрамор) г. Чебоксары, ул. К. Маркса, у здания Министерства безопасности Чувашской Республики","г. Чебоксары, ул. К. Маркса",47.248482,56.137841,объекты_культурного_наследия
"Памятный камень, установленный на месте дома, где родился поэт (М. Сеспель)","Канашский район, д. Сеспель",47.300495,55.605348,объекты_культурного_наследия
"Покровская церковь, 1748 г.","Шумерлинский  р-н, с. Ходары, ул. Красная Площадь, д. 30",46.620129,55.586247,объекты_культурного_наследия
"Покровская церковь, XVIII в.","Алатырский р-н, с. Ахматово, ул. Ленина, д. 103а",46.409725,54.854636,объекты_культурного_наследия
"Преображенская церковь (каменная), I пол XIX в.","Порецкий р-н, с. Кудеиха, ул.Красная Площадь, д. 1б",46.417379,55.223282999999995,объекты_культурного_наследия
"Преображенская церковь, 1735 г.","Мариинско-Посадский р-н, с. Кушниково, ул. Школьная, д. 31",47.888846,56.06049399999999,объекты_культурного_наследия
"Родник – часовня, начало XIX в.","Янтиковский р-н, с. Гришино",47.888873,55.47911800000001,объекты_культурного_наследия
"Родник, 1911 г.","Яльчикский р-н, с. Байдеряково, колхозный сад",48.043186,55.145807,объекты_культурного_наследия
"Рождественская церковь, 1902 г.","Аликовский р-н, с. Раскильдино, ул. Ленина, д. 3",46.56455,55.690506000000006,объекты_культурного_наследия
"Симеоновская церковь, 1897 г.","Урмарский  р-н, с. Батеево, ул. Павла Галкина, д.1",47.817170000000004,55.67090400000001,объекты_культурного_наследия
"Смоленско-Богородицкая церковь, начало XIX в.","Янтиковский р-н, с. Гришино, ул. Первомайская, д.22",47.887229,55.477761,объекты_культурного_наследия
"Софийская церковь (каменная), 1784 г.","г. Алатырь, пл. Октябрьской революции, д. 23",46.600546,54.855293999999994,объекты_культурного_наследия
"Сторожка Троицкого собора (каменная), cередина XIX в.","Порецкий р-н, с. Порецкое, ул. Комсомольская, д.1",46.334977,55.200878,объекты_культурного_наследия
"Торговая лавка, XIX в.","Порецкий р-н, с. Порецкое, ул. Кооперативная, д.28",46.325005,55.198062,объекты_культурного_наследия
"Торговая лавка, XIX в.","Порецкий р-н, с. Порецкое, ул. Ульянова, д.42",46.327690999999994,55.197784999999996,объекты_культурного_наследия
"Торговая лавка, XIX в.","Порецкий р-н, с. Порецкое, ул. Кооперативная, д.9",46.324736,55.19779499999999,объекты_культурного_наследия
"Торговая лавка, начало XX в.","Яльчикский р-н, с. Яльчики, ул. Кооперативная, д. 3",48.008286,55.157639,объекты_культурного_наследия
"Троице-Сергиевская церковь, 1823 г.","Алатырский р-н, с. Сурский Майдан, ул. Чебоксарская, д.70",46.537124,55.021498,объекты_культурного_наследия
"Троицкая церковь (деревянная), XIX в.","Алатырский р-н, с. Атрать, ул. Советская, д. 18а",46.668252,55.010137,объекты_культурного_наследия
"Троицкая церковь, 1726 г.","г. Мариинский Посад, ул. Волжская, д. 21",47.730123,56.119429000000004,объекты_культурного_наследия
"Троицкая церковь, 1812 г.","Урмарский р-н, с. Челкасы, ул. Чкалова, д.6",47.923737,55.702886,объекты_культурного_наследия
"Троицкая церковь, XIX в.","Алатырский р-н, с. Иваньково-Ленино,  ул. Школьная, д. 3а",46.689578000000004,54.716637,объекты_культурного_наследия
"Троицкая церковь, XVIII в.","Ядринский р-н, с. Большие Шемердяны, ул. Победы, д.81",46.33866,55.84253399999999,объекты_культурного_наследия
"Троицкий собор (каменная), 1723 г.","Порецкий р-н, с. Порецкое, ул. Комсомольская, д.1",46.334977,55.200878,объекты_культурного_наследия
"Усадьба народного артиста СССР Максима Дормидонтовича Михайлова (жилой дом, амбар, баня, дровяник, коровник)","Вурнарский р-н, с. Кольцовка, ул. Центральная, д. 68",47.100745,55.422559,объекты_культурного_наследия
"Успенская  церковь, 1828 г.","Цивильский  р-н, с. Чурачики, ул. Озерная, д. 9",47.435548,55.729513,объекты_культурного_наследия
"Успенская церковь (каменная), 1882 г.","Ядринский р-н, с. Советское,ул. Советская, д.41",46.544634,55.856811,объекты_культурного_наследия
"Успенская церковь, 1821 г.","Чебоксарский  р-н, с. Акулево, ул. Аптечная, д.2",47.522135999999996,55.988102000000005,объекты_культурного_наследия
"Успенский собор, 1763 г.","г. Чебоксары, ул. К. Иванова, д. 1в",47.252722,56.14990699999999,объекты_культурного_наследия
"Усыпальница Ефремова, 1911 г.","г. Чебоксары, ул.Коммунальная Слобода, д. 28а",47.230345,56.135056999999996,объекты_культурного_наследия
"Участок леса, засаженный культурой дуба в 1896-1912 гг. лесничим Б.И. Гузовским","Моргаушский р-н, Ильинское лесничество",46.756781,55.999823,объекты_культурного_наследия
"Участок леса, засаженный культурой сосны весной 1925 года по инициативе учащихся и учителей Пандиковской сельской школы в память В.И. Ленина","Красночетайский р-н, п. Черемушки",46.260084,55.605256000000004,объекты_культурного_наследия
"Флигель воинского присутствия,10-е годы XX в.","г. Ядрин, Красноармейская, д.8",46.204757,55.94086,объекты_культурного_наследия
"Христорождественская церковь (каменная), 1755 г.","г. Алатырь, ул. 3 Интернационала, д 24",46.589936,54.851023,объекты_культурного_наследия
"Христорождественская церковь, 1888 г.","Комсомольский  р-н,  с. Шерауты, ул. Кузьмина, д. 11",47.356056,55.129978,объекты_культурного_наследия
"Христорождественская церковь, XIX в.","Чебоксарский р-н, с. Янгильдино, ул. Школьная, д.35",47.124147,56.01635,объекты_культурного_наследия
"Церковь Всех скорбящих, XIX в","Алатырский р-н, с. Миренки, ул. Советская-2, д. 44",46.389576,54.90017099999999,объекты_культурного_наследия
"Церковь Иоанна Крестителя, XX в.","Ядринский р-н, с. Большой Сундарь,  ул. Советская, д.14",46.250319,55.833434999999994,объекты_культурного_наследия
"Церковь Рождества Богородицы, 1747 г.","г. Алатырь, пл. Октябрьской революции, д. 1",46.601677,54.856279,объекты_культурного_наследия
"Церковь Рождества Христова, 1870 г.","Порецкий р-н, с. Никулино, ул. Садовая, д.47",46.067261,55.155942,объекты_культурного_наследия
"Церковь Святой Троицы, 1881 г.","Аликовский р-н, с. Шумшеваши, ул. Коммуны, д. 69",46.614703000000006,55.768308999999995,объекты_культурного_наследия
"Церковь Серафима Саровского, 1905 г.","г. Алатырь, ул. Троицкая, д. 22",46.593431,54.854791000000006,объекты_культурного_наследия
"Церковь Сергия Радонежского с приделом в честь иконы Казанской божией Матери, 1801-1849 годы","г. Алатырь, ул. Троицкая, д. 22",46.593431,54.854791000000006,объекты_культурного_наследия
"Церковь Смоленской Божией Матери, 1838 г.","Аликовский р-н, с. Устье, ул. Школьная, д. 41",46.745632,55.802370999999994,объекты_культурного_наследия
"Церковь Тихвинской Божьей матери, 1882 г.","Урмарский р-н, с. Мусирмы, ул..Октябрьская, д.29а",47.979746999999996,55.62921600000001,объекты_культурного_наследия
"Часовня Александра Невского, конец XIX в.","Порецкий р-н, с. Порецкое, ул. Кооперативная",46.322095000000004,55.199249,объекты_культурного_наследия
"Часовня при Введенской церкви, XIX в.","Мариинско-Посадский р-н, с. Первое Чурашево,  ул. Школьная, д. 16",47.685549,55.942806000000004,объекты_культурного_наследия
"Часовня при Казанской церкви (каменная), I пол XIX в.","Порецкий р-н, с. Анастасово, ул. Анастасова-1, д. 99б",46.254540999999996,55.17937,объекты_культурного_наследия
"Часовня Троицкой церкви, XIX в.","г.  Мариинский Посад, ул. Волжская,  д. 21",47.730123,56.119429000000004,объекты_культурного_наследия
"Школа монастырская, где учился Герой гражданской войны В.И. Чапаев, 1896-1897 годы","г. Чебоксары, ул. Коммунальная Слобода, 50а",47.230875,56.13449,объекты_культурного_наследия
"Школа, в которой учился  чувашский поэт М. Сеспель, 1914-1917 годы","Канашский р-н, с. Шихазаны, ул. М.Сеспеля, д. 18",47.388861999999996,55.562912,объекты_культурного_наследия
"Школа, где учился композитор  и драматург Ф.П. Павлов в 1899-1903 гг.","Цивильский р-н, д. Унгасемы, ул. Дружбы , д. 2",47.224506,55.863080000000004,объекты_культурного_наследия
"Школа, открытая в 1870 году И.Н. Ульяновым","Красночетайский р-н, с. Пандиково, ул. Ульянова, д. 1а",46.121501,55.756395999999995,объекты_культурного_наследия
"Школа, открытая в 1873 г. по инициативе И.Н. Ульянова","Батыревский р-н, с. Первомайское, ул. Школьная, д. 4а",47.364967,55.077602,объекты_культурного_наследия
"Яковлевская церковь, 1823 г.","Алатырский р-н, с. Чуварлей, ул. Чебоксарская, д. 74",46.478357,54.857496999999995,объекты_культурного_наследия
"Комплекс зданий Алатырской духовной пустыни (собор, часовня), XIX в.",г. Алатырь,46.572195,54.839816000000006,объекты_культурного_наследия
"Участок леса, засаженный культурой дуба в 1768 году и положивший начало лесокультурному делу в Чувашии",г. Мариинский Посад,47.714214,56.111936,объекты_культурного_наследия
"Фруктовый сад, заложенный в 1962 году в честь полета А.Г. Николаева на космическом корабле «Восток-3»",г. Мариинский Посад,47.714214,56.111936,объекты_культурного_наследия
"Могила Коммуниста С.Г. Степанова, убитого в январе 1921 г. во время так называемого «чапанного» кулацко-эсеровского восстания","Чувашская Республика, Красноармейский район, с. Красноармейское",47.169359,55.76853199999999,объекты_культурного_наследия
"Могила комсомольца Андрея Анисимова, убитого кулаками в 1934 году. На могиле установлен обелиск.","Чувашская Республика, Моргаушский район, с. Александровка",46.756781,55.999823,объекты_культурного_наследия
"Водонапорная башня«Канаш западный», 1893 г.","Чувашская Республика, г. Канаш, ж. д. Станция Канаш-западный",47.491764,55.50694300000001,объекты_культурного_наследия
"Автономное учреждение Чувашской Республики «Чувашский республиканский Дом народного творчества» Министерства культуры, по делам национальностей и архивного дела Чувашской Республики","428032,г.Чебоксары,ул.К.Маркса,32",47.249731,56.141277,культурно_досуговые_учреждения
"Автономное учреждение Чувашской Республики «Республиканская дирекция культурных программ» Министерства культуры, по делам национальностей и архивного дела Чувашской Республики","428004,г.Чебоксары,ул.К.Маркса,32",47.249731,56.141277,культурно_досуговые_учреждения
"Автономное учреждение Чувашской Республики «Дворец культуры тракто-ростроителей» Министерства культуры, по делам национальностей и архивного дела Чувашской Республики","428031,г.Чебоксары,Эгерский бульвар,36",47.281864,56.106153000000006,культурно_досуговые_учреждения
﻿МБУК «Межпоселенческий культурно-досуговый центр Моргаушского района Чувашской Республики»,"429530, Чувашская Республика, Моргаушский район, с.Моргауши, ул.Красная площадь, д.5",46.771459,55.965526000000004,культурно_досуговые_учреждения
Филиал МБУК «Межпоселенческий культурно-досуговый центр Моргаушского района Чувашской Республики» - Сюрлатринский сельский клуб,"429530, Чувашская Республика, Моргаушский район, д. Сюрлатри, ул.Молодежная, д.9",46.738994,56.110696,культурно_досуговые_учреждения
МБУК «Васькинский информационно –культурный центр»  Александровского сельского поселения Моргаушского района Чувашской Республики,"429535, Чувашская Республика, Моргаушский район, д.Васькино, ул.Ленина, д.1в",46.663931,55.861388,культурно_досуговые_учреждения
МБУК «Большесундырский информационно–культурный центр» Большесундырского сельского поселения Моргаушского района Чувашской Республики,"429544,Чувашская Республика, Моргаушский район, с.Б.Сундырь, ул.Ленина, д.16",46.746091,56.104667000000006,культурно_досуговые_учреждения
Филиал МБУК «Большесундырский информационно –культурный центр» Большесундырского сельского поселения Моргаушского района Чувашской Республики - Большекарачкинский сельский клуб,"429546, Чувашская Республика, Моргаушский район, с.Б.Карачкино, ул.Центральная, д.73",46.613975,56.120778,культурно_досуговые_учреждения
Филиал МБУК «Большесундырский информационно –культурный центр» Большесундырского сельского поселения Моргаушского района Чувашской Республики - Шупосинский сельский клуб,"429544, Чувашская Республика, Моргаушский район, д.Шупоси, ул.Центральная, д.4",46.697177,56.083180000000006,культурно_досуговые_учреждения
Филиал МБУК «Большесундырский информационно –культурный центр» Большесундырского сельского поселения Моргаушского района Чувашской Республики - Вомбакасинский сельский клуб,"429546, Чувашская Республика, Моргаушский район, д.Вомбакасы, ул.Хырлыхская, д.95",46.689515,56.109039,культурно_досуговые_учреждения
МБУК «Тренькинский информационно –культурный центр» Ильинского сельского поселения Моргаушского района Чувашской Республики,"429545, Чувашская Республика, Моргаушский район, с.Тренькино, ул.Новая, д.5",46.803115999999996,56.165423,культурно_досуговые_учреждения
Филиал МБУК «Тренькинский информационно–культурный центр» Ильинского сельского поселения Моргаушского района Чувашской Республики -Апчарский Дом культуры,"429545, Чувашская Республика, Моргаушский район, д.Апчары, ул.Центральная, д.37",46.776013,56.13275,культурно_досуговые_учреждения
Филиал МБУК «Тренькинский информационно –культурный центр» Ильинского сельского поселения Моргаушского района Чувашской Республики -Вурманкасинский Дом культуры,"429545,Чувашская Республика, Моргаушский район, д.Вурманкасы, ул.Антонова, д.74",46.8385,56.137866,культурно_досуговые_учреждения
МБУК «Кадикасинский информационно –культурный центр» Кадикасинского сельского поселения Моргаушского района Чувашской Республики,"429541,Чувашская Республика, Моргаушский район, д.Кадикасы, ул.Ягодная, д.24",46.899244,56.082868000000005,культурно_досуговые_учреждения
Филиал МБУК «Кадикасинский информационно –культурный центр» Кадикасинского сельского поселения Моргаушского района Чувашской Республики- Шомиковский Дом культуры,"429541, Чувашская Республика, Моргаушский район, д.Шомиково, ул.Шомиковская, д.63",46.926418,56.09466,культурно_досуговые_учреждения
Филиал МБУК «Кадикасинский информационно –культурный центр» Кадикасинского сельского поселения Моргаушского района Чувашской Республики- Шатракасинский Дом культуры,"429541, Чувашская Республика, Моргаушский район,  д.Шатракасы, ул.Центральная, д.70",46.857554,56.107383,культурно_досуговые_учреждения
Филиал МБУК «Кадикасинский информационно –культурный центр» Кадикасинского сельского поселения Моргаушского района Чувашской Республики-Калайкасинский Дом культуры,"429541, Чувашская Республика, Моргаушский район, д.Калайкасы, ул.Центральная, д.69",46.881574,56.058036,культурно_досуговые_учреждения
Филиал МБУК «Кадикасинский информационно–культурный центр» Кадикасинского сельского поселения Моргаушского района Чувашской Республики-Яраккасинский Дом культуры,"429541,Чувашская Республика, Моргаушский район, д.Яраккасы, ул. Лесная, д.19",46.895427000000005,56.047072,культурно_досуговые_учреждения
Филиал МБУК «Кадикасинский информационно –культурный центр» Кадикасинского сельского поселения Моргаушского района Чувашской Республики-Кюрегасинский сельский клуб,"429541, Чувашская Республика, Моргаушский район, д.Кюрегасы, ул. Центральная, д.11",46.84796,56.095293000000005,культурно_досуговые_учреждения
МБУК «Москакасинский информационно –культурный центр» Москакасинского сельского поселения  Моргаушского района Чувашской Республики,"429541,Чувашская Республика, Моргаушский район, д.Москакасы, ул. Московская, д.54а",46.764659,56.049229000000004,культурно_досуговые_учреждения
Филиал МБУК «Москакасинский информационно–культурный центр» Москакасинского сельского поселения Моргаушского района Чувашской Республики-Рыкакасинский сельский клуб,"429541, Чувашская Республика, Моргаушский район, д.Рыкакасы, ул.Озерная, д.22",46.854068,56.04764,культурно_досуговые_учреждения
МБУК «Орининский информационно–культурный центр» Орининского сельского поселения Моргаушского района Чувашской Республики,"429555,Чувашская Республика, Моргаушский район, с.Оринино, ул.Центральная, д.70",46.812816999999995,56.014182,культурно_досуговые_учреждения
Филиал МБУК «Орининский информационно–культурный центр» Орининского сельского поселения Моргаушского района Чувашской Республики-Адабайский Дом культуры,"429555,Чувашская Республика, Моргаушский район, д.Адабай, ул.Школьная, д. 1",46.827595,55.983706000000005,культурно_досуговые_учреждения
Филиал МБУК «Орининский информационно–культурный центр» Орининского сельского поселения Моргаушского района Чувашской Республики-Молгачкасинский сельский клуб,"429555, Чувашская Республика, Моргаушский район, д.Молгачкасы, ул.Центральная, д.48в",46.837306,56.014111,культурно_досуговые_учреждения
МБУК «Кашмашский  информационно–культурный центр» Сятракасинского сельского поселения Моргаушского района Чувашской Республики,"429530, Чувашская Республика, Моргаушский район, д.Кашмаши, ул.Советская, д.82",46.804435999999995,55.95116899999999,культурно_досуговые_учреждения
Филиал МБУК «Кашмашский  информационно–культурный центр» Сятракасинского сельского поселения Моргаушского района Чувашской Республики-Оточевский сельский клуб,"429530,Чувашская Республика, Моргаушский район, с.Оточево, ул.Победы, д.15",46.879967,55.913268,культурно_досуговые_учреждения
Филиал МБУК «Кашмашский  информационно–культурный центр» Сятракасинского сельского поселения Моргаушского района Чувашской Республики-Ятманкинский сельский клуб,"429530, Чувашская Республика, Моргаушский район, д. Ятманкино, ул. Центральная, д.38",46.827298,55.92606,культурно_досуговые_учреждения
МБУК «Тораевский информационно–культурный центр» Тораевского сельского поселения Моргаушского района Чувашской Республики,"429050, Чувашская Республика, Моргаушский район, с.Тораево, ул.Школьная, д.1",46.607588,55.939882,культурно_досуговые_учреждения
Филиал МБУК «Тораевский информационно–культурный центр» Тораевского сельского поселения Моргаушского района Чувашской Республики-Анаткасинский Дом культуры,"429050, Чувашская Республика, Моргаушский район, д.Анаткасы, ул.Колхозная, д.1",46.918334,56.099881999999994,культурно_досуговые_учреждения
Филиал МБУК «Тораевский информационно–культурный центр» Тораевского сельского поселения Моргаушского района Чувашской Республики-Токшикский Дом культуры,"429050, Чувашская Республика, Моргаушский район, д.Б.Токшики, ул.Клубная, д.6",46.645812,55.924502000000004,культурно_досуговые_учреждения
Филиал МБУК «Тораевский информационно–культурный центр» Тораевского сельского поселения Моргаушского района Чувашской Республики-Сюткюльский сельский клуб,"429050, Чувашская Республика, Моргаушский район, д.Сюткюль, ул.Озерная, д.11",46.610122,55.902949,культурно_досуговые_учреждения
МБУК «Тойгильдинский  информационно –культурный центр» Хорнойского сельского поселения Моргаушского района Чувашской Республики,"429550, Чувашская Республика, Моргаушский район, с.Тойгильдино, ул.Западная, д.56",46.652235,55.94566,культурно_досуговые_учреждения
Филиал МБУК «Тойгильдинский  информационно–культурный центр» Хорнойского сельского поселения Моргаушского района Чувашской Республики-Хорнойский сельский клуб,"429550, Чувашская Республика, Моргаушский район, д.Хорной, ул. Школьная, д.17б",46.738859000000005,55.993117000000005,культурно_досуговые_учреждения
МБУК «Чуманкасинский  информационно –культурный центр» Чуманкасинского сельского поселения Моргаушского района Чувашской Республики,"429536, Чувашская Республика, Моргаушский район, с.Чуманкасы, ул.Школьная, д.45",46.686038,55.897836,культурно_досуговые_учреждения
Филиал МБУК «Чуманкасинский  информационно–культурный центр» Чуманкасинского сельского поселения Моргаушского района Чувашской Республики-Изедеркинский сельский клуб,"429536, Чувашская Республика, Моргаушский район, д.Изедеркино, ул.30 лет Победы, д.58",46.680451,55.871839,культурно_досуговые_учреждения
Филиал МБУК «Чуманкасинский  информационно–культурный центр» Чуманкасинского сельского поселения Моргаушского района Чувашской Республики-Солянойский сельский клуб,"429536, Чувашская Республика, Моргаушский район, д.Соляной, ул. Е.Пугачева, д.61",46.674639,55.884378000000005,культурно_досуговые_учреждения
МБУК «Шатьмапосинский  информационно–культурный центр» Шатьмапосинского сельского поселения Моргаушского района Чувашской Республики,"429533, Чувашская Республика, Моргаушский район, д.Шатьмапоси, ул.Центральная, д. 9",46.889632,55.880748,культурно_досуговые_учреждения
Филиал МБУК «Шатьмапосинский  информационно–культурный центр» Шатьмапосинского сельского поселения Моргаушского района Чувашской Республики-Тиушский Дом культуры,"429533, Чувашская Республика, Моргаушский район, д.Тиуши, ул.Чебоксарская, д.29",46.939327,55.85671,культурно_досуговые_учреждения
МБУК «Юнгинский информационно–культурный центр» Юнгинского сельского поселения Моргаушского района Чувашской Республики,"429551, Чувашская Республика, Моргаушский район, с.Юнга, ул.Центральная, д.38",46.635337,56.045277,культурно_досуговые_учреждения
Филиал МБУК «Юнгинский информационно–культурный центр» Юнгинского сельского поселения Моргаушского района Чувашской Республики-Сярмыськасинский сельский клуб,"429551, Чувашская Республика, Моргаушский район, д.Сярмыськасы, ул.Эхменя, д.13",46.594096,56.042556999999995,культурно_досуговые_учреждения
МБУК «Юськасинский информационно-культурный центр» Юськасинского сельского поселения Моргаушского района Чувашской Республики,"429534, Чувашская Республика, Моргаушский район, с.Юськасы, ул.Центральная, д.58",46.769402,55.846103,культурно_досуговые_учреждения
Филиал МБУК «Юськасинский информационно-культурный центр» Юськасинского сельского поселения Моргаушского района Чувашской Республики-Вурманкасинский Дом культуры,"429534,Чувашская Республика, Моргаушский район, д.Вурманкасы, ул.Центральная, д.38",46.8385,56.137866,культурно_досуговые_учреждения
Филиал МБУК «Юськасинский информационно-культурный центр» Юськасинского сельского поселения Моргаушского района Чувашской Республики-Мадикский Дом культуры,"429534, Чувашская Республика, Моргаушский район, д.Мадики, ул. Школьная, д.11",46.737269,55.843368000000005,культурно_досуговые_учреждения
МБУК «Ярабайкасинский  информационно–культурный центр» Ярабайкасинского сельского поселения Моргаушского района Чувашской Республики,"429541, Чувашская Республика, Моргаушский район, д.Ярабайкасы, ул. Молодежная, д.16",46.88824,56.00167,культурно_досуговые_учреждения
Филиал МБУК «Ярабайкасинский  информационно–культурный центр» Ярабайкасинского сельского поселения Моргаушского района Чувашской Республики- Сыбайкасинский Дом культуры,"429541, Чувашская Республика, Моргаушский район, д.Сыбайкасы, ул.Школьная, д.2",46.898499,56.02594499999999,культурно_досуговые_учреждения
Филиал МБУК «Ярабайкасинский  информационно–культурный центр» Ярабайкасинского сельского поселения Моргаушского района Чувашской Республики- Акрамовский Дом культуры,"429541, Чувашская Республика, Моргаушский район, с.Акрамово, ул. Центральная, д.40",46.879041,55.968413,культурно_досуговые_учреждения
Филиал МБУК «Ярабайкасинский  информационно–культурный центр» Ярабайкасинского сельского поселения Моргаушского района Чувашской Республики- Шоркасинский сельский клуб,"429541, Чувашская Республика, Моргаушский район, д.Шоркасы, ул. Трудовая, д.15",46.930326,55.94742900000001,культурно_досуговые_учреждения
МБУК «Ярославский информационно–культурный центр» Ярославского сельского поселения Моргаушского района Чувашской Республики,"429552, Чувашская Республика, Моргаушский район, д.Ярославка, ул.Центральная, д.5",46.598129,55.99505,культурно_досуговые_учреждения
Филиал МБУК «Ярославский информационно–культурный центр» Ярославского сельского поселения Моргаушского района Чувашской Республики- Чемеевский сельский клуб,"429552, Чувашская Республика, Моргаушский район, д.Чемеево. ул.Центральная, д. 3",46.828098,55.866718000000006,культурно_досуговые_учреждения
"﻿Муниципальное бюджетное учреждение культуры  «Межпоселенческий центральный Дом культуры, туризма и библиотечного обслуживания» Мариинско-Посадского района Чувашской Республики","429570, Чувашская Республика, г.Мариинский Посад, ул. Ленинская, д.2",47.725021000000005,56.12038199999999,культурно_досуговые_учреждения
Муниципальное бюджетное учреждение культуры «Бичуринский Центр развития культуры и библиотечного обслуживания» Бичуринского сельского поселения Мариинско-Посадского района Чувашской Республики,"429561 Чувашская Республика, Мариинско-Посадский район, с. Бичурино, ул. Новая, д. 18",47.789376000000004,55.864035,культурно_досуговые_учреждения
Муниципальное бюджетное учреждение культуры «Центр развития культуры и библиотечного обслуживания» Большешигаевского сельского поселения Мариинско-Посадского района Чувашской Республики,"429588 Чувашская Республика, Мариинско-Посадский район, д. Большое Шигаево, ул. Школьная, д.1",47.700379999999996,55.99728,культурно_досуговые_учреждения
Муниципальное бюджетное учреждение культуры «Карабашский центр развития культуры и библиотечного обслуживания» Карабашского сельского поселения Мариинско-Посадского района Чувашской Республики,"429566 Чувашская Республика, Мариинско-Посадский район, д. Карабаши, ул. Зеленая, д.18",47.902528000000004,55.961369,культурно_досуговые_учреждения
Муниципальное бюджетное учреждение культуры «Кугеевский центр развития культуры и библиотечного обслуживания» Кугеевского сельского поселения Мариинско-Посадского района Чувашской Республики,"429564 Чувашская Республика, Мариинско-Посадский район, д. Кугеево, ул. Молодежная, д.7",47.918265999999996,55.861449,культурно_досуговые_учреждения
Муниципальное бюджетное учреждение культуры «Аксаринский центр развития культуры и библиотечного обслуживания» Аксаринского сельского поселения Мариинско-Посадского района Чувашской Республики,"429567, Чувашская Республика, Мариинско-Посадский район, д. Аксарино, ул. Центральная усадьба, д.11",47.904585,55.91579,культурно_досуговые_учреждения
Муниципальное бюджетное учреждение культуры «Центр развития культуры и библиотечного обслуживания» Первочурашевского сельского поселения Мариинско-Посадского района Чувашской Республики,"429562 Чувашская Республика, Мариинско-Посадский район, с. Первое Чурашево, ул. Школьная, 10-а",47.685621000000005,55.946265000000004,культурно_досуговые_учреждения
"Муниципальное бюджетное учреждение культуры «Октябрьский Центр культуры, информации и туризма» Октябрьского сельского поселения Мариинско-Посадского района Чувашской Республики","429560 Чувашская Республика, Мариинско-Посадский район, с. Октябрьское, ул. Советская,13",47.817384999999994,55.904498,культурно_досуговые_учреждения
Муниципальное бюджетное учреждение культуры «Дубовский центр развития культуры и библиотечного обслуживания» Приволжского сельского поселения Мариинско-Посадского района Чувашской Республики,"429581 Чувашская Республика, Мариинско-Посадский район, д. Дубовка, ул. Украинская, д. 47",47.818661,56.059815,культурно_досуговые_учреждения
Муниципальное бюджетное учреждение культуры «Шоршелский информационно-культурный центр» Шоршелского сельского поселения Мариинско-Посадского района Чувашской Республики,"429584 Чувашская Республика, Мариинско-Посадский район, с. Шоршелы, ул. 30 лет Победы, д.13",47.586545,56.008419999999994,культурно_досуговые_учреждения
Муниципальное бюджетное учреждение культуры «Центр развития культуры и библиотечного обслуживания» Эльбарусовского сельского поселения Мариинско-Посадского района Чувашской Республики,"429565 Чувашская Республика, Мариинско-Посадский район, д. Эльбарусово, ул. Тогаевская, д. 4",47.788433000000005,55.969013000000004,культурно_досуговые_учреждения
"Муниципальное бюджетное учреждение «Центр развития культуры, библиотечного обслуживания, физической культуры и туризма Мариинско-Посадского городского поселения Мариинско-Посадского района Чувашской Республики»","429570 Чувашская Республика, г. Мариинский Посад, ул. Новинская, 34",47.686187,56.117853000000004,культурно_досуговые_учреждения
Муниципальное бюджетное учреждение культуры «Ящеринский центр развития культуры и библиотечного обслуживания» Сутчевского сельского поселения Мариинско-Посадского района Чувашской Республики,"429587 Чувашская Республика, Мариинско-Посадский район, д. Сутчево, ул. Кооперативная, д. 3.",47.69481,56.082265,культурно_досуговые_учреждения
﻿Порецкий районный Дворец культуры,"Чувашская Республика,  Порецкий район, с. Порецкое, ул.  Ленина, д. 4",46.325356,55.194398,культурно_досуговые_учреждения
Антипинский сельский Дом культуры,"Чувашская Республика,  Порецкий район, с. Антипинка ул. Аврова, д. 8",46.245639000000004,55.132814,культурно_досуговые_учреждения
Анастасовский сельский Дом культуры,"Чувашская Республика, Порецкий район, с.Анастасово ул.Анастасово 2, д.98(б)",46.386127,55.169025,культурно_досуговые_учреждения
Козловский  сельский Дом культуры,"Чувашская Республика,  Порецкий район, c. Козловка ул Школьная, д. 190",46.269830999999996,55.26447099999999,культурно_досуговые_учреждения
Крыловский сельский клуб,"Чувашская Республика, Порецкий район, д.Крылово, ул.Гагарина д. 28",46.097597,55.06306,культурно_досуговые_учреждения
Кудеихинский сельский Дом культуры,"Чувашская Республика, Порецкий район, с. Кудеиха, ул. Афанасьева, д 33",46.420119,55.22167099999999,культурно_досуговые_учреждения
Мишуковский  сельский Дом культуры,"Чувашская Республика, Порецкий район, с. Мишуково. ул.Северная. 1 Б",46.148828,55.035394999999994,культурно_досуговые_учреждения
Напольновский  сельский Дом культуры,"Чувашская Республика, Порецкий район, с. Напольное, ул. Ленина, д. 24(а).",46.351603999999995,55.12573100000001,культурно_досуговые_учреждения
Никулинский  сельский Дом культуры,"Чувашская Республика, Порецкий район, с. Никулино, ул. Николаева, д. 35.",46.061510999999996,55.15601899999999,культурно_досуговые_учреждения
Ряпинский сельский клуб,"Чувашская Республика, Порецкий район, с.Ряпино ул.Ульянова, д.32",46.277377,55.226133,культурно_досуговые_учреждения
Семеновский  сельский Дом культуры,"Чувашская Республика, Порецкий район, с. Семеновское, . ул.Азина д. 6",46.212222,55.10685,культурно_досуговые_учреждения
Сиявский сельский Дом культуры,"Чувашская Республика, Порецкий район, с. Сиява, ул.Ленина, д.106",46.510049,55.142375,культурно_досуговые_учреждения
Сыресинский сельский Дом культуры,"Чувашская Республика, Порецкий район, с. Сыреси ул.Октябрьская, д.297",46.416436,55.068252,культурно_досуговые_учреждения
Рындинский  сельский Дом культуры,"Чувашская Республика, Порецкий район, с. Рындино, ул Кооперативная, д. 32.",46.310641,55.079313,культурно_досуговые_учреждения
Муниципальное автономное учреждение культуры «Дворец культуры «Восход» города Шумерля,"429122, Чувашская Республика,. город Шумерля, ул. МОПРа, д.2 """,46.402072,55.503191,культурно_досуговые_учреждения
"﻿""Автономное учреждение Чувашской Республики """"Чувашская государственная филармония"""" Министерства культуры, по делам национальностей и архивного дела Чувашской Республики""","г.Чебоксары, Президенсткий бульвар, 9",47.246677000000005,56.142561,концертные_учреждения
"Бюджетное учреждение Чувашской Республики ""Чувашский государственный академический ансамбль песни и танца""","г.Чебоксары, Президентский бульвар, 9",47.246677000000005,56.142561,концертные_учреждения
"Бюджетное учреждение Чувашской Республики ""Чувашская государственная академическая симфоническая капелла"" Министерства культуры, по делам национальностей и архивного дела Чувашской Республики","г.Чебоксары, Президентский бульвар, 9",47.246677000000005,56.142561,концертные_учреждения
